game_id,episode,act,rank,date,agent,map,outcome,round_wins,round_losses,kills,deaths,assists,kdr,avg_dmg_delta,headshot_pct,avg_dmg,acs,num_frag
1,6,2,Placement,4/11/2023,Cypher,Ascent,Loss,5,13,8,15,4,0.5,-61,3,76,125,3
2,6,2,Placement,4/12/2023,Cypher,Icebox,Loss,4,13,3,15,2,0.2,-124,22,42,59,5
3,6,2,Placement,4/15/2023,KAY/O,Lotus,Win,13,4,7,12,7,0.6,-46,2,87,132,5
4,6,2,Placement,4/15/2023,Brimstone,Ascent,Loss,9,13,18,12,10,1.5,23,14,137,230,2
5,6,2,Placement,4/15/2023,Cypher,Haven,Loss,1,13,6,14,3,0.4,-75,7,90,146,4
6,6,2,Silver 2,4/15/2023,KAY/O,Haven,Win,13,10,16,15,18,1.1,19,10,155,234,3
7,6,2,Silver 2,4/15/2023,Cypher,Pearl,Loss,3,13,7,15,5,0.5,-43,11,112,145,4
8,6,2,Silver 2,4/15/2023,KAY/O,Icebox,Loss,4,13,8,15,4,0.5,-70,3,73,119,5
9,6,2,Silver 2,4/16/2023,Cypher,Pearl,Loss,10,13,14,17,4,0.8,-32,9,99,160,4
10,6,2,Silver 2,4/16/2023,Phoenix,Fracture,Win,13,4,16,7,6,2.3,111,8,211,284,2
11,6,2,Silver 2,4/17/2023,Brimstone,Lotus,Loss,4,13,8,14,1,0.6,-59,8,85,137,4
12,6,2,Silver 2,4/17/2023,KAY/O,Ascent,Win,15,13,17,17,14,1,0,10,130,191,4
13,6,2,Silver 2,4/17/2023,KAY/O,Ascent,Loss,9,13,13,16,8,0.8,-57,19,87,151,5
14,6,2,Silver 2,4/17/2023,KAY/O,Icebox,Loss,12,14,12,18,6,0.7,-55,4,78,131,5
15,6,2,Silver 2,4/17/2023,KAY/O,Lotus,Loss,9,13,17,15,4,1.1,-8,8,129,223,3
16,6,2,Silver 2,4/17/2023,KAY/O,Split,Loss,12,14,20,24,11,0.8,-20,5,139,225,2
17,6,2,Silver 2,4/18/2023,Breach,Split,Loss,5,13,5,16,8,0.3,-64,6,102,128,5
18,6,2,Silver 2,4/18/2023,Breach,Fracture,Win,13,9,9,16,7,0.6,-20,5,97,128,5
19,6,2,Silver 2,4/18/2023,Breach,Fracture,Win,13,8,12,16,11,0.8,-43,5,108,179,4
20,6,2,Silver 2,4/21/2023,Cypher,Lotus,Loss,5,13,7,15,1,0.5,-81,23,70,103,4
21,6,2,Silver 2,4/21/2023,Cypher,Ascent,Win,4,0,1,1,1,1,13,17,68,81,5
22,6,2,Silver 2,4/21/2023,Cypher,Ascent,Win,13,4,7,10,4,0.7,-26,11,81,125,5
23,6,2,Silver 3,4/21/2023,Cypher,Haven,Win,13,5,14,11,7,1.3,2,5,127,206,4
24,6,2,Silver 3,4/21/2023,Cypher,Fracture,Win,15,13,23,20,7,1.2,6,9,155,236,3
25,6,2,Silver 3,4/21/2023,Cypher,Pearl,Win,13,7,15,10,6,1.5,21,7,129,193,2
26,6,2,Silver 3,4/22/2023,Cypher,Icebox,Win,13,2,8,10,4,0.8,-52,15,89,139,5
27,6,2,Gold 1,4/22/2023,Cypher,Split,Draw,15,15,35,21,8,1.7,68,13,200,324,1
28,6,2,Gold 1,4/23/2023,Cypher,Fracture,Win,13,10,12,16,4,0.8,-28,11,98,145,4
29,6,2,Gold 1,4/23/2023,Cypher,Ascent,Loss,5,13,11,15,2,0.7,-13,8,129,202,3
30,6,3,Gold 1,4/28/2023,Cypher,Fracture,Loss,12,14,22,19,5,1.2,25,18,179,256,2
31,6,3,Gold 1,4/28/2023,Cypher,Pearl,Loss,8,13,14,15,4,0.9,-10,14,113,184,2
32,6,3,Gold 1,4/28/2023,Cypher,Pearl,Win,14,12,17,20,6,0.9,-5,12,136,207,3
33,6,3,Gold 1,4/28/2023,Cypher,Haven,Loss,12,14,15,18,7,0.8,-29,14,103,156,3
34,6,3,Gold 1,4/29/2023,Cypher,Lotus,Win,13,11,21,14,4,1.5,33,11,146,234,2
35,6,3,Gold 1,5/2/2023,Cypher,Fracture,Loss,6,13,6,17,4,0.4,-62,8,87,123,5
36,6,3,Gold 1,5/2/2023,Cypher,Bind,Loss,8,13,8,15,1,0.5,-48,19,78,108,5
37,6,3,Gold 1,5/2/2023,Cypher,Split,Win,13,7,14,14,8,1,-35,12,115,192,4
38,6,3,Gold 1,5/4/2023,Cypher,Pearl,Loss,10,13,18,14,5,1.3,3,11,139,212,2
39,6,3,Gold 1,5/4/2023,Cypher,Ascent,Loss,5,13,13,15,2,0.9,-9,15,132,202,4
40,6,3,Silver 3,5/4/2023,Cypher,Lotus,Loss,11,13,14,17,0,0.8,-21,15,115,174,4
41,6,3,Silver 3,5/4/2023,Cypher,Ascent,Loss,7,13,11,18,2,0.6,-49,13,98,154,4
42,6,3,Silver 3,5/4/2023,Cypher,Split,Win,13,9,23,13,7,1.8,75,9,182,274,1
43,6,3,Gold 1,5/4/2023,Cypher,Bind,Win,13,1,13,2,4,6.5,61,12,124,213,3
44,6,3,Gold 1,5/4/2023,Cypher,Haven,Win,13,7,18,13,4,1.4,39,12,168,260,2
45,6,3,Gold 1,5/4/2023,Cypher,Bind,Win,13,9,15,13,10,1.2,40,13,164,230,4
46,6,3,Gold 1,5/4/2023,Cypher,Haven,Win,13,6,9,12,4,0.8,-10,6,102,150,5
47,6,3,Gold 2,5/4/2023,Cypher,Split,Win,14,12,16,16,5,1,2,19,112,170,3
48,6,3,Gold 2,5/4/2023,Cypher,Ascent,Win,13,10,14,17,6,0.8,-8,5,128,184,4
49,6,3,Gold 2,5/4/2023,Cypher,Lotus,Loss,5,13,18,16,4,1.1,22,10,165,275,1
50,6,3,Gold 2,5/4/2023,Cypher,Lotus,Win,13,2,27,6,8,4.5,190,10,284,493,1
51,6,3,Gold 2,5/4/2023,Cypher,Pearl,Win,13,7,17,13,9,1.3,9,10,137,211,2
52,6,3,Gold 2,5/4/2023,Cypher,Split,Loss,11,13,15,20,6,0.8,-50,8,113,172,3
53,6,3,Gold 2,5/4/2023,Cypher,Bind,Win,13,11,16,17,8,0.9,12,9,150,212,4
54,6,3,Gold 2,5/4/2023,Cypher,Split,Loss,6,13,9,15,1,0.6,-55,20,70,115,4
55,6,3,Gold 3,5/4/2023,Cypher,Ascent,Win,13,10,15,17,5,0.9,19,14,133,201,4
56,6,3,Gold 3,5/5/2023,Cypher,Haven,Win,13,8,14,12,7,1.2,-5,8,111,181,4
57,6,3,Gold 2,5/5/2023,Cypher,Lotus,Loss,7,13,13,17,3,0.8,-38,13,123,198,3
58,6,3,Gold 2,5/7/2023,Cypher,Pearl,Loss,9,13,9,15,3,0.6,-43,12,90,132,5
59,6,3,Gold 2,5/7/2023,Cypher,Pearl,Win,14,12,20,20,4,1,3,14,151,234,1
60,6,3,Gold 2,5/7/2023,Cypher,Fracture,Loss,13,15,20,19,6,1.1,7,8,146,215,2
61,6,3,Gold 2,5/8/2023,Cypher,Ascent,Loss,5,13,13,16,6,0.8,-24,13,124,209,3
62,6,3,Gold 2,5/8/2023,Cypher,Bind,Win,13,9,20,13,6,1.5,26,5,154,258,1
63,6,3,Gold 2,5/8/2023,Cypher,Bind,Loss,8,13,16,14,5,1.1,1,21,117,213,2
64,6,3,Gold 3,5/8/2023,Cypher,Lotus,Win,13,8,18,12,8,1.5,62,7,170,248,3
65,6,3,Gold 3,5/8/2023,Cypher,Split,Win,13,5,6,9,5,0.7,-37,12,65,89,5
66,6,3,Gold 3,5/8/2023,Cypher,Pearl,Loss,5,13,14,18,6,0.8,-21,13,117,179,4
67,6,3,Gold 3,5/8/2023,Cypher,Haven,Win,13,3,7,6,3,1.2,-21,10,70,114,5
68,6,3,Gold 3,5/8/2023,Cypher,Haven,Loss,6,13,23,15,3,1.5,47,15,196,333,1
69,6,3,Gold 3,5/8/2023,Cypher,Fracture,Win,14,12,21,17,6,1.2,30,8,158,238,2
70,6,3,Gold 3,5/8/2023,Cypher,Bind,Win,13,5,17,11,9,1.5,58,17,167,254,2
71,6,3,Gold 3,5/8/2023,Cypher,Lotus,Loss,11,13,15,19,6,0.8,-22,15,122,190,3
72,6,3,Gold 3,5/8/2023,Cypher,Pearl,Win,13,7,13,13,5,1,7,11,125,194,5
73,6,3,Gold 3,5/8/2023,Cypher,Ascent,Win,13,4,8,11,8,0.7,-63,9,74,125,5
74,6,3,Gold 3,5/9/2023,Cypher,Split,Loss,7,13,21,11,4,1.9,86,19,200,299,1
75,6,3,Gold 3,5/9/2023,Cypher,Bind,Win,13,6,17,8,4,2.1,74,14,167,249,3
76,6,3,Gold 3,5/9/2023,Cypher,Ascent,Loss,11,13,15,17,7,0.9,2,22,135,196,5
77,6,3,Gold 3,5/9/2023,Cypher,Bind,Draw,15,15,17,19,9,0.9,-2,19,115,173,4
78,6,3,Gold 3,5/9/2023,Cypher,Split,Loss,4,13,10,14,5,0.7,-6,14,126,186,1
79,6,3,Gold 3,5/9/2023,Cypher,Pearl,Win,13,4,11,9,8,1.2,13,15,106,173,4
80,6,3,Gold 3,5/9/2023,Cypher,Fracture,Loss,5,13,13,15,5,0.9,-16,26,124,203,3
81,6,3,Gold 3,5/9/2023,Killjoy,Bind,Loss,9,13,12,17,1,0.7,-49,20,84,136,5
82,6,3,Gold 3,5/9/2023,Cypher,Haven,Loss,8,13,12,17,6,0.7,-21,19,117,183,3
83,6,3,Gold 3,5/17/2023,Cypher,Bind,Win,13,1,14,6,4,2.3,24,7,120,227,2
84,6,3,Gold 3,5/17/2023,Cypher,Lotus,Loss,9,13,22,18,6,1.2,27,18,194,287,1
85,6,3,Gold 3,5/17/2023,Cypher,Fracture,Loss,7,13,18,13,6,1.4,47,16,171,259,2
86,6,3,Gold 3,5/17/2023,Cypher,Split,Loss,9,13,22,15,3,1.5,43,9,169,272,1
87,6,3,Gold 2,5/17/2023,Cypher,Split,Loss,13,15,18,22,5,0.8,-19,18,122,192,3
88,6,3,Gold 3,5/17/2023,Cypher,Haven,Loss,2,13,13,14,4,0.9,5,8,152,252,1
89,6,3,Gold 3,5/17/2023,Cypher,Ascent,Win,13,8,13,13,5,1,-14,13,101,158,2
90,6,3,Gold 3,5/17/2023,Cypher,Haven,Loss,4,13,8,16,2,0.5,-39,12,116,171,4
91,6,3,Gold 3,5/18/2023,Cypher,Pearl,Win,13,2,11,10,7,1.1,23,7,135,215,5
92,6,3,Gold 3,5/18/2023,Cypher,Lotus,Win,13,2,16,9,4,1.8,14,8,157,264,1
93,6,3,Gold 3,5/18/2023,Cypher,Split,Draw,15,15,24,21,9,1.1,6,12,144,223,1
94,6,3,Gold 3,5/18/2023,Cypher,Fracture,Win,13,8,19,13,6,1.5,22,13,146,232,2
95,6,3,Gold 3,5/18/2023,Cypher,Ascent,Win,13,9,18,16,7,1.1,42,17,165,242,4
96,6,3,Gold 3,5/18/2023,Cypher,Bind,Loss,12,14,14,21,11,0.7,-17,15,133,195,4
97,6,3,Gold 3,5/18/2023,Cypher,Pearl,Loss,11,13,20,16,2,1.3,42,11,154,252,2
98,6,3,Gold 3,5/19/2023,Cypher,Split,Loss,10,13,14,19,6,0.7,10,19,153,203,2
99,6,3,Gold 3,5/19/2023,Cypher,Fracture,Win,13,3,17,6,6,2.8,68,14,147,263,1
100,6,3,Gold 3,5/19/2023,Cypher,Lotus,Loss,9,13,21,16,4,1.3,21,13,147,255,1
101,6,3,Gold 3,5/19/2023,Cypher,Pearl,Loss,5,13,4,17,4,0.2,-89,11,67,92,5
102,6,3,Gold 3,5/19/2023,Cypher,Fracture,Loss,11,13,17,17,5,1,14,18,147,221,3
103,6,3,Gold 3,5/19/2023,Cypher,Pearl,Loss,12,14,11,18,6,0.6,-24,4,100,141,5
104,6,3,Gold 3,5/19/2023,Cypher,Bind,Win,13,6,18,10,3,1.8,17,9,122,216,1
105,6,3,Gold 3,5/19/2023,Cypher,Lotus,Win,13,9,27,12,14,2.3,110,13,178,278,1
106,6,3,Gold 3,5/19/2023,Cypher,Ascent,Win,13,9,22,13,7,1.7,60,13,178,278,1
107,6,3,Gold 3,5/19/2023,Cypher,Ascent,Loss,5,13,16,15,1,1.1,1,18,145,252,1
108,6,3,Gold 3,5/20/2023,Cypher,Haven,Loss,4,13,10,14,4,0.7,-21,13,125,192,2
109,6,3,Gold 3,5/20/2023,Cypher,Lotus,Loss,12,14,25,21,4,1.2,30,21,157,270,1
110,6,3,Gold 3,5/20/2023,Cypher,Haven,Loss,4,13,6,10,4,0.6,-13,17,82,101,5
111,6,3,Gold 3,5/21/2023,Cypher,Lotus,Win,13,7,18,12,3,1.5,27,14,157,259,2
112,6,3,Platinum 1,5/21/2023,Cypher,Pearl,Win,13,10,19,14,4,1.4,3,14,121,213,3
113,6,3,Platinum 1,5/22/2023,Cypher,Ascent,Win,13,10,17,14,7,1.2,21,8,140,233,2
114,6,3,Gold 3,5/22/2023,Cypher,Ascent,Loss,3,13,12,13,5,0.9,40,17,155,240,2
115,6,3,Gold 3,5/22/2023,Cypher,Fracture,Loss,7,13,14,15,3,0.9,10,16,147,221,2
116,6,3,Gold 3,5/22/2023,Cypher,Bind,Win,13,11,17,18,4,0.9,-27,11,122,200,3
117,6,3,Gold 3,5/22/2023,Cypher,Lotus,Loss,4,13,20,16,3,1.3,30,13,192,339,1
118,6,3,Gold 3,5/22/2023,Cypher,Split,Win,13,9,9,13,9,0.7,-18,11,96,130,5
119,6,3,Gold 3,5/22/2023,Cypher,Bind,Loss,7,13,12,16,6,0.8,-59,10,88,155,3
120,6,3,Gold 3,5/22/2023,Cypher,Split,Win,13,11,20,20,7,1,26,11,160,237,2
121,6,3,Gold 3,5/22/2023,Cypher,Bind,Loss,11,13,12,15,4,0.8,-24,7,88,140,4
122,6,3,Gold 3,5/22/2023,Cypher,Lotus,Loss,10,13,20,16,5,1.3,5,10,140,231,2
123,6,3,Gold 3,5/23/2023,Cypher,Haven,Loss,7,13,25,13,2,1.9,87,19,206,343,1
124,6,3,Gold 3,5/23/2023,Cypher,Pearl,Loss,7,13,20,15,3,1.3,38,15,179,288,1
125,6,3,Gold 3,5/23/2023,Cypher,Pearl,Win,14,12,25,19,6,1.3,28,21,152,255,1
126,6,3,Gold 3,5/23/2023,Cypher,Haven,Win,13,6,18,11,2,1.6,38,14,154,261,3
127,6,3,Gold 3,5/23/2023,Cypher,Fracture,Win,13,7,18,17,10,1.1,48,15,204,291,2
128,6,3,Platinum 1,5/23/2023,Cypher,Lotus,Draw,14,14,25,17,4,1.5,35,13,152,243,1
129,6,3,Platinum 1,5/24/2023,Cypher,Bind,Win,13,7,17,10,4,1.7,33,22,141,228,2
130,6,3,Platinum 1,5/24/2023,Cypher,Split,Loss,10,13,16,16,7,1,30,8,171,236,2
131,6,3,Platinum 1,5/24/2023,Cypher,Ascent,Win,13,8,19,12,6,1.6,11,18,137,217,2
132,6,3,Platinum 1,5/28/2023,Cypher,Ascent,Loss,8,13,17,15,3,1.1,11,29,141,224,3
133,6,3,Platinum 1,5/28/2023,Cypher,Lotus,Win,13,10,23,17,10,1.4,59,14,182,304,1
134,6,3,Gold 3,5/29/2023,Cypher,Ascent,Loss,9,13,12,16,8,0.8,-15,16,114,178,4
135,6,3,Gold 3,5/29/2023,Cypher,Pearl,Loss,7,13,10,14,7,0.7,-25,9,106,163,3
136,6,3,Gold 3,5/29/2023,Cypher,Haven,Loss,5,13,9,17,3,0.5,-60,15,105,160,4
137,6,3,Platinum 1,5/29/2023,Cypher,Bind,Win,14,12,27,17,5,1.6,49,15,169,298,1
138,6,3,Platinum 1,5/30/2023,Cypher,Haven,Win,13,5,20,9,6,2.2,95,20,203,311,1
139,6,3,Platinum 1,5/30/2023,Cypher,Lotus,Loss,4,13,13,13,5,1,35,24,169,247,1
140,6,3,Platinum 1,5/30/2023,Cypher,Bind,Win,4,2,5,2,2,2.5,78,25,146,227,3
141,6,3,Platinum 1,5/30/2023,Cypher,Ascent,Loss,11,13,15,17,5,0.9,-20,8,113,183,3
142,6,3,Platinum 1,5/30/2023,Cypher,Haven,Loss,8,13,12,17,5,0.7,-16,9,125,180,4
143,6,3,Platinum 1,5/31/2023,Cypher,Fracture,Win,7,3,11,5,3,2.2,44,14,156,277,1
144,6,3,Platinum 1,5/31/2023,Cypher,Lotus,Win,13,10,15,18,10,0.8,-2,9,140,213,2
145,6,3,Platinum 1,5/31/2023,Cypher,Split,Win,14,12,12,17,12,0.7,-12,5,117,166,5
146,6,3,Platinum 1,5/31/2023,Cypher,Lotus,Loss,4,13,13,14,4,0.9,-5,8,137,223,2
147,6,3,Platinum 1,6/1/2023,Cypher,Ascent,Win,13,4,17,7,3,2.4,59,12,149,262,1
148,6,3,Platinum 1,6/1/2023,Cypher,Pearl,Win,13,5,15,8,4,1.9,36,10,140,220,2
149,6,3,Platinum 1,6/1/2023,Cypher,Split,Loss,5,13,11,15,6,0.7,-26,8,136,215,3
150,6,3,Platinum 1,6/1/2023,Cypher,Ascent,Win,15,13,25,21,4,1.2,14,12,157,251,2
151,6,3,Platinum 2,6/2/2023,Cypher,Split,Win,13,10,15,15,2,1,-2,8,127,203,5
152,6,3,Platinum 2,6/2/2023,Cypher,Pearl,Win,13,7,15,11,10,1.4,40,6,146,222,2
153,6,3,Platinum 1,6/3/2023,Cypher,Fracture,Win,13,9,15,15,3,1,21,20,138,210,4
154,6,3,Platinum 1,6/3/2023,Cypher,Ascent,Loss,15,17,20,21,8,1,-17,11,118,188,3
155,6,3,Platinum 1,6/3/2023,Cypher,Lotus,Loss,7,13,18,16,7,1.1,18,9,158,253,2
156,6,3,Platinum 2,6/3/2023,Cypher,Haven,Win,13,4,19,9,6,2.1,89,17,193,306,1
157,6,3,Platinum 2,6/4/2023,Cypher,Split,Loss,12,14,21,21,4,1,-41,22,109,175,2
158,6,3,Platinum 1,6/4/2023,Cypher,Pearl,Loss,11,13,18,19,5,0.9,-7,10,140,221,3
159,6,3,Platinum 1,6/5/2023,Cypher,Fracture,Loss,5,13,10,16,2,0.6,-29,18,123,183,4
160,6,3,Platinum 1,6/5/2023,Cypher,Ascent,Loss,8,13,13,13,6,1,-9,18,119,183,4
161,6,3,Platinum 1,6/5/2023,Cypher,Bind,Loss,9,13,23,17,5,1.4,34,10,173,292,2
162,6,3,Platinum 1,6/5/2023,Cypher,Pearl,Loss,6,13,9,17,4,0.5,-60,11,89,146,4
163,6,3,Platinum 1,6/5/2023,Cypher,Lotus,Win,13,9,13,14,6,0.9,5,15,112,182,5
164,6,3,Platinum 1,6/5/2023,Cypher,Bind,Win,13,9,12,14,5,0.9,-22,6,99,154,5
165,6,3,Platinum 1,6/5/2023,Cypher,Pearl,Win,13,9,16,15,6,1.1,21,26,132,208,3
166,6,3,Platinum 1,6/6/2023,Cypher,Split,Win,13,2,14,5,3,2.8,76,21,150,229,4
167,6,3,Platinum 1,6/6/2023,Cypher,Haven,Loss,9,13,19,18,4,1.1,33,18,173,246,2
168,6,3,Platinum 2,6/6/2023,Cypher,Fracture,Win,13,11,13,20,13,0.7,-27,12,105,160,5
169,6,3,Platinum 2,6/11/2023,Cypher,Lotus,Win,13,6,20,14,6,1.4,32,22,175,305,2
170,6,3,Platinum 2,6/11/2023,Cypher,Haven,Win,13,9,12,16,3,0.8,-25,8,94,144,4
171,6,3,Platinum 2,6/11/2023,Cypher,Split,Loss,8,13,13,19,4,0.7,-40,4,121,189,2
172,6,3,Platinum 2,6/12/2023,Cypher,Bind,Win,13,6,17,10,9,1.7,45,13,162,245,2
173,6,3,Platinum 2,6/12/2023,Cypher,Bind,Win,13,6,23,10,7,2.3,83,11,179,331,1
174,6,3,Platinum 2,6/12/2023,Cypher,Lotus,Loss,5,13,12,16,4,0.8,-21,3,129,203,2
175,6,3,Platinum 2,6/12/2023,Cypher,Pearl,Win,13,11,17,16,8,1.1,9,8,130,209,4
176,6,3,Platinum 2,6/13/2023,Cypher,Haven,Win,13,9,16,15,5,1.1,0,20,123,188,3
177,6,3,Platinum 2,6/13/2023,Cypher,Split,Loss,7,13,9,16,6,0.6,-44,16,109,157,5
178,6,3,Platinum 2,6/13/2023,Cypher,Fracture,Win,13,7,9,9,5,1,11,12,102,158,4
179,6,3,Platinum 2,6/13/2023,Cypher,Ascent,Win,13,10,12,18,8,0.7,-18,5,133,182,5
180,6,3,Platinum 2,6/14/2023,Cypher,Pearl,Win,13,8,21,13,4,1.6,48,13,165,258,1
181,6,3,Platinum 2,6/14/2023,Cypher,Haven,Loss,2,13,15,13,2,1.2,21,17,194,309,1
182,6,3,Platinum 2,6/14/2023,Cypher,Lotus,Win,13,8,21,16,4,1.3,16,13,161,268,1
183,6,3,Platinum 2,6/15/2023,Cypher,Split,Win,13,11,20,18,8,1.1,38,26,188,276,3
184,6,3,Platinum 2,6/15/2023,Cypher,Bind,Loss,13,15,22,19,5,1.2,-15,17,131,208,2
185,6,3,Platinum 2,6/15/2023,Cypher,Fracture,Win,13,6,16,9,1,1.8,31,20,131,211,2
186,6,3,Platinum 2,6/16/2023,Cypher,Lotus,Loss,4,13,7,16,2,0.4,-59,23,85,135,3
187,6,3,Platinum 2,6/16/2023,Cypher,Bind,Win,13,10,23,12,2,1.9,58,23,85,135,2
188,6,3,Platinum 3,6/16/2023,Cypher,Pearl,Win,13,7,22,9,5,2.4,97,12,176,288,2
189,6,3,Platinum 3,6/16/2023,Cypher,Haven,Win,13,11,18,16,4,1.1,2,14,126,212,3
190,6,3,Platinum 3,6/17/2023,Cypher,Ascent,Win,13,6,13,8,6,1.6,78,18,140,202,4
191,6,3,Platinum 3,6/17/2023,Cypher,Lotus,Win,13,5,20,8,4,2.5,100,31,191,300,1
192,6,3,Platinum 3,6/17/2023,Cypher,Split,Win,13,9,25,14,4,1.8,66,19,198,317,1
193,6,3,Platinum 3,6/18/2023,Cypher,Lotus,Win,13,10,16,14,1,1.1,8,24,124,207,4
194,6,3,Platinum 3,6/18/2023,Cypher,Pearl,Win,15,13,19,21,5,0.9,-13,8,120,185,4
195,6,3,Platinum 3,6/18/2023,Cypher,Fracture,Loss,6,13,15,16,5,0.9,-8,13,146,229,2
196,6,3,Platinum 3,6/19/2023,Cypher,Ascent,Loss,5,13,12,14,4,0.9,-12,18,120,188,2
197,6,3,Platinum 3,6/19/2023,Cypher,Pearl,Loss,12,14,28,15,6,1.9,78,19,193,293,1
198,6,3,Platinum 3,6/20/2023,Cypher,Split,Win,13,7,10,13,5,0.8,-9,15,111,152,4
199,6,3,Platinum 3,6/20/2023,Cypher,Haven,Loss,10,13,20,14,3,1.4,38,30,141,230,1
200,6,3,Platinum 3,6/20/2023,Cypher,Lotus,Loss,10,13,12,15,4,0.8,-20,23,90,128,5
201,6,3,Platinum 3,6/20/2023,Cypher,Split,Win,13,4,9,11,8,0.8,-22,19,113,177,5
202,6,3,Platinum 3,6/21/2023,Cypher,Haven,Win,13,9,19,11,7,1.7,53,25,152,228,2
203,6,3,Platinum 3,6/21/2023,Cypher,Ascent,Loss,6,13,14,15,2,0.9,-25,26,105,186,1
204,6,3,Platinum 3,6/21/2023,Cypher,Lotus,Loss,8,13,14,16,2,0.9,-12,35,128,192,3
205,6,3,Platinum 3,6/21/2023,Cypher,Haven,Win,15,13,12,15,6,0.8,-13,14,101,140,5
206,6,3,Platinum 3,6/24/2023,Cypher,Fracture,Win,13,7,20,11,1,1.8,40,15,154,237,2
207,6,3,Platinum 3,6/24/2023,Cypher,Lotus,Win,13,9,21,14,7,1.5,23,14,144,240,1
208,6,3,Platinum 3,6/24/2023,Cypher,Bind,Loss,12,14,15,19,4,0.8,-22,13,107,169,5
209,6,3,Platinum 3,6/24/2023,Brimstone,Pearl,Win,13,7,12,13,12,0.9,-17,25,118,186,5
210,6,3,Platinum 3,6/25/2023,Cypher,Split,Win,13,8,10,15,12,0.7,-8,19,112,171,5
211,6,3,Platinum 3,6/25/2023,Cypher,Split,Loss,6,13,10,18,3,0.6,-34,20,120,166,3
212,6,3,Platinum 3,6/25/2023,Cypher,Bind,Win,13,4,14,7,5,2,85,24,155,220,3
213,6,3,Platinum 3,6/25/2023,Cypher,Ascent,Win,13,8,10,11,7,0.9,-8,42,73,114,5
214,6,3,Platinum 3,6/25/2023,Cypher,Haven,Loss,6,13,12,14,0,0.9,-41,24,94,161,2
215,6,3,Platinum 3,6/25/2023,Cypher,Lotus,Loss,6,13,11,15,3,0.7,-45,22,95,170,2
216,6,3,Platinum 3,6/25/2023,Cypher,Bind,Loss,12,14,16,21,3,0.8,-32,20,107,166,4
217,6,3,Platinum 3,6/25/2023,Cypher,Split,Win,13,10,17,18,8,0.9,-5,12,136,215,3
218,6,3,Platinum 3,6/25/2023,Cypher,Fracture,Win,13,11,17,14,5,1.2,25,23,136,190,4
219,6,3,Platinum 3,6/25/2023,Cypher,Pearl,Win,13,4,14,6,6,2.3,62,16,141,203,3
220,6,3,Platinum 3,6/25/2023,Cypher,Ascent,Loss,11,13,16,17,2,0.9,-25,12,100,162,4
221,6,3,Platinum 3,6/26/2023,Cypher,Bind,Loss,10,13,13,19,7,0.7,-20,12,120,179,5
222,6,3,Platinum 3,6/26/2023,Cypher,Split,Win,13,10,17,17,2,1,-9,10,122,195,3
223,6,3,Diamond 1,6/26/2023,Cypher,Split,Win,13,10,13,16,7,0.8,-14,12,110,169,4
224,6,3,Placement,6/26/2023,Cypher,Bind,Win,13,11,14,15,8,0.9,-8,15,103,172,4
225,7,1,Placement,6/27/2023,Killjoy,Fracture,Loss,11,13,18,16,3,1.1,-22,8,113,180,2
226,7,1,Placement,6/27/2023,Killjoy,Ascent,Loss,10,13,16,18,5,0.9,5,16,129,192,4
227,7,1,Placement,6/30/2023,Killjoy,Haven,Win,13,11,21,16,5,1.3,24,30,165,256,2
228,7,1,Gold 2,6/30/2023,Killjoy,Fracture,Win,11,2,12,7,5,1.7,82,18,199,297,3
229,7,1,Gold 2,6/30/2023,Killjoy,Split,Loss,6,13,17,13,2,1.3,38,37,162,258,1
230,7,1,Gold 2,6/30/2023,Killjoy,Pearl,Win,14,12,14,22,5,0.6,-23,30,116,168,4
231,7,1,Gold 2,6/30/2023,Killjoy,Ascent,Loss,4,13,19,15,3,1.3,61,20,229,349,1
232,7,1,Gold 2,7/5/2023,Killjoy,Haven,Loss,5,13,10,15,4,0.7,-7,11,125,170,3
233,7,1,Gold 2,7/5/2023,Cypher,Fracture,Loss,8,13,12,13,3,0.9,-8,21,106,146,4
234,7,1,Gold 2,7/5/2023,Cypher,Bind,Win,13,10,20,16,7,1.3,29,22,167,241,4
235,7,1,Gold 2,7/5/2023,Cypher,Lotus,Win,13,11,16,15,7,1.1,26,27,134,189,4
236,7,1,Gold 3,7/6/2023,Cypher,Fracture,Win,13,3,10,6,2,1.7,35,23,100,145,5
237,7,1,Gold 3,7/6/2023,Killjoy,Split,Win,13,11,20,17,6,1.2,24,7,151,235,2
238,7,1,Gold 3,7/6/2023,Killjoy,Ascent,Loss,6,13,14,15,2,0.9,-17,15,144,211,2
239,7,1,Gold 3,7/6/2023,Cypher,Bind,Loss,10,13,26,16,6,1.6,53,23,182,306,1
240,7,1,Gold 3,7/6/2023,Killjoy,Haven,Win,13,8,12,16,6,0.8,1,11,130,188,5
241,7,1,Gold 3,7/7/2023,Killjoy,Fracture,Loss,10,13,14,17,7,0.8,17,13,135,187,4
242,7,1,Gold 3,7/7/2023,Killjoy,Split,Win,13,6,14,12,7,1.2,37,20,168,232,4
243,7,1,Gold 3,7/7/2023,Cypher,Lotus,Win,13,10,12,15,10,0.8,0,28,113,159,5
244,7,1,Gold 3,7/7/2023,Killjoy,Fracture,Loss,7,13,9,16,4,0.6,-38,9,109,152,5
245,7,1,Gold 3,7/7/2023,Killjoy,Haven,Win,13,6,15,13,3,1.2,19,21,158,239,3
246,7,1,Gold 3,7/8/2023,Killjoy,Ascent,Loss,8,13,16,17,2,0.9,-13,9,126,200,3
247,7,1,Gold 3,7/8/2023,Killjoy,Split,Loss,10,13,22,14,3,1.6,53,18,173,269,2
248,7,1,Gold 3,7/8/2023,Cypher,Lotus,Loss,12,14,14,18,3,0.8,-18,29,98,147,5
249,7,1,Gold 3,7/9/2023,Killjoy,Pearl,Loss,6,13,18,14,7,1.3,39,21,169,264,1
250,7,1,Gold 3,7/9/2023,Killjoy,Split,Win,13,6,22,7,0,3.1,93,16,181,273,1
251,7,1,Gold 3,7/9/2023,Cypher,Fracture,Win,13,11,11,19,7,0.6,-46,18,95,140,4
252,7,1,Gold 3,7/9/2023,Killjoy,Haven,Win,13,11,20,15,4,1.3,24,21,155,238,2
253,7,1,Gold 3,7/9/2023,Killjoy,Ascent,Loss,6,13,7,17,1,0.4,-75,4,78,121,4
254,7,1,Gold 3,7/10/2023,Cypher,Lotus,Win,13,5,8,8,8,1,-14,17,93,131,5
255,7,1,Platinum 1,7/10/2023,Cypher,Lotus,Loss,11,13,23,14,7,1.6,51,20,166,272,1
256,7,1,Platinum 1,7/10/2023,Cypher,Fracture,Win,13,2,11,9,6,1.2,42,15,163,235,4
257,7,1,Platinum 1,7/12/2023,Killjoy,Split,Win,13,10,25,12,4,2.1,87,17,180,292,1
258,7,1,Platinum 1,7/12/2023,Killjoy,Haven,Win,13,7,18,10,5,1.8,53,15,148,225,2
259,7,1,Platinum 1,7/12/2023,Cypher,Bind,Loss,9,13,13,17,1,0.8,-38,17,104,161,4
260,7,1,Platinum 1,7/12/2023,Killjoy,Pearl,Win,13,10,24,13,9,1.8,71,8,184,307,1
261,7,1,Platinum 1,7/13/2023,Killjoy,Split,Win,13,10,18,12,3,1.5,43,22,127,198,2
262,7,1,Platinum 1,7/13/2023,Killjoy,Haven,Loss,2,13,7,14,1,0.5,-63,11,93,152,3
263,7,1,Platinum 1,7/13/2023,Cypher,Fracture,Loss,8,13,18,16,5,1.1,12,16,176,258,1
264,7,1,Platinum 1,7/14/2023,Killjoy,Haven,Loss,10,13,14,17,7,0.8,2,11,135,196,4
265,7,1,Platinum 1,7/14/2023,Cypher,Bind,Loss,6,13,9,15,1,0.6,-51,21,77,128,5
266,7,1,Platinum 1,7/14/2023,Killjoy,Pearl,Loss,12,14,17,19,5,0.9,-21,20,127,193,3
267,7,1,Platinum 1,7/14/2023,Killjoy,Split,Win,13,8,14,13,0,1.1,7,11,117,171,3
268,7,1,Platinum 1,7/14/2023,Cypher,Fracture,Loss,6,13,14,15,3,0.9,-1,28,145,209,3
269,7,1,Platinum 1,7/14/2023,Killjoy,Ascent,Loss,9,13,9,18,2,0.5,-73,12,95,144,5
270,7,1,Platinum 1,7/14/2023,Cypher,Fracture,Win,13,10,18,16,6,1.1,12,18,148,224,2
271,7,1,Gold 3,7/14/2023,Cypher,Lotus,Loss,5,13,7,16,4,0.4,-48,14,103,136,5
272,7,1,Gold 3,7/14/2023,Cypher,Lotus,Loss,10,13,19,18,7,1.1,17,16,156,231,3
273,7,1,Gold 3,7/15/2023,Killjoy,Haven,Loss,10,13,13,17,2,0.8,-30,24,103,159,4
274,7,1,Gold 3,7/15/2023,Cypher,Fracture,Loss,14,16,17,22,6,0.8,-14,21,125,175,4
275,7,1,Gold 3,7/16/2023,Killjoy,Ascent,Win,13,4,13,7,5,1.9,31,21,119,193,3
276,7,1,Gold 3,7/16/2023,Killjoy,Pearl,Loss,12,14,18,19,7,0.9,32,13,157,229,3
277,7,1,Gold 3,7/16/2023,Killjoy,Pearl,Win,13,10,19,11,3,1.7,63,16,153,241,1
278,7,1,Gold 3,7/16/2023,Killjoy,Haven,Loss,4,13,7,14,0,0.5,-56,25,81,117,4
279,7,1,Platinum 1,7/17/2023,Killjoy,Ascent,Win,13,9,6,17,1,0.4,-77,19,60,80,5
280,7,1,Platinum 1,7/17/2023,Cypher,Lotus,Win,13,7,19,11,4,1.7,39,34,153,229,2
281,7,1,Platinum 1,7/17/2023,Cypher,Lotus,Win,13,8,18,12,7,1.5,16,25,156,231,3
282,7,1,Platinum 1,7/17/2023,Cypher,Fracture,Win,14,12,17,16,6,1.1,27,19,129,204,5
283,7,1,Platinum 1,7/17/2023,Cypher,Fracture,Loss,8,13,12,15,5,0.8,-1,17,128,184,4
284,7,1,Platinum 1,7/17/2023,Cypher,Bind,Win,13,3,12,9,5,1.3,10,20,130,210,4
285,7,1,Platinum 1,7/17/2023,Killjoy,Pearl,Win,13,5,17,7,3,2.4,67,15,152,240,2
286,7,1,Platinum 1,7/17/2023,Killjoy,Split,Loss,2,13,6,14,0,0.4,-24,20,124,156,2
287,7,1,Platinum 1,7/18/2023,Killjoy,Haven,Loss,6,13,8,17,1,0.5,-38,27,112,145,4
288,7,1,Platinum 1,7/18/2023,Cypher,Fracture,Win,13,3,8,7,4,1.1,-9,23,81,128,5
289,7,1,Platinum 2,7/18/2023,Cypher,Pearl,Win,13,7,19,12,6,1.6,55,31,180,264,2
290,7,1,Platinum 2,7/18/2023,Cypher,Fracture,Win,13,2,13,6,3,2.2,72,17,142,224,3
291,7,1,Platinum 2,7/19/2023,Killjoy,Haven,Loss,9,13,18,16,4,1.1,35,26,168,226,3
292,7,1,Platinum 2,7/19/2023,Cypher,Bind,Win,13,7,12,11,6,1.1,22,30,118,177,4
293,7,1,Platinum 2,7/19/2023,Killjoy,Pearl,Loss,5,13,9,16,4,0.6,-35,10,118,172,5
294,7,1,Platinum 2,7/19/2023,Killjoy,Haven,Win,13,6,22,9,6,2.4,98,18,190,330,1
295,7,1,Platinum 2,7/19/2023,Cypher,Lotus,Loss,11,13,19,17,8,1.1,55,17,185,250,2
296,7,1,Platinum 2,7/20/2023,Cypher,Bind,Win,15,13,18,19,8,0.9,15,21,147,206,3
297,7,1,Platinum 2,7/20/2023,Brimstone,Ascent,Win,16,14,30,20,15,1.5,23,14,148,247,2
298,7,1,Platinum 2,7/20/2023,Killjoy,Ascent,Loss,11,13,13,16,4,0.8,-23,22,101,154,5
299,7,1,Platinum 2,7/20/2023,Cypher,Fracture,Win,13,7,22,13,12,1.7,70,25,196,308,1
300,7,1,Platinum 3,7/20/2023,Cypher,Lotus,Win,13,4,14,9,3,1.6,3,25,196,308,2
301,7,1,Platinum 3,7/20/2023,Killjoy,Haven,Win,17,15,28,20,3,1.4,37,11,152,241,2
302,7,1,Platinum 2,7/22/2023,Cypher,Lotus,Loss,7,13,10,18,6,0.6,-85,16,79,137,1
303,7,1,Platinum 2,7/22/2023,Cypher,Bind,Loss,11,13,19,16,3,1.2,18,23,133,200,3
304,7,1,Platinum 3,7/22/2023,Cypher,Fracture,Win,15,13,16,20,5,0.8,-18,13,118,183,5
305,7,1,Platinum 3,7/22/2023,Killjoy,Split,Win,13,2,18,7,6,2.6,94,10,221,344,2
306,7,1,Platinum 3,7/23/2023,Killjoy,Pearl,Loss,10,13,11,18,4,0.6,-13,10,113,162,5
307,7,1,Platinum 3,7/23/2023,Cypher,Fracture,Loss,9,13,13,16,6,0.8,-2,17,119,172,4
308,7,1,Platinum 3,7/23/2023,Cypher,Bind,Draw,14,14,16,20,6,0.8,-37,13,100,154,5
309,7,1,Platinum 3,7/24/2023,Killjoy,Split,Win,13,3,6,11,4,0.5,-46,3,76,109,5
310,7,1,Platinum 3,7/24/2023,Cypher,Lotus,Win,13,11,19,15,4,1.3,6,13,118,208,3
311,7,1,Platinum 3,7/24/2023,Killjoy,Haven,Loss,9,13,18,15,4,1.2,-11,15,123,206,2
312,7,1,Platinum 3,7/24/2023,Killjoy,Pearl,Win,13,6,3,12,8,0.3,-60,10,55,74,5
313,7,1,Platinum 3,7/25/2023,Cypher,Fracture,Loss,14,16,20,25,10,0.8,-16,25,137,196,1
314,7,1,Platinum 3,7/25/2023,Killjoy,Pearl,Win,13,10,20,12,1,1.7,61,19,153,239,3
315,7,1,Platinum 3,7/25/2023,Cypher,Bind,Win,13,8,10,14,7,0.7,-9,12,108,155,5
316,7,1,Platinum 3,7/26/2023,Cypher,Bind,Win,13,6,14,12,6,1.2,44,15,144,215,4
317,7,1,Platinum 3,7/26/2023,Killjoy,Ascent,Loss,4,13,6,14,1,0.4,-62,10,80,119,5
318,7,1,Platinum 3,7/26/2023,Killjoy,Ascent,Loss,3,13,6,14,4,0.4,-44,23,88,135,5
319,7,1,Platinum 3,7/26/2023,Killjoy,Split,Loss,13,15,21,18,2,1.2,13,17,137,201,2
320,7,1,Platinum 3,7/27/2023,Killjoy,Pearl,Win,13,6,20,12,3,1.7,47,12,176,266,1
321,7,1,Platinum 3,7/27/2023,Cypher,Lotus,Win,13,9,12,16,7,0.8,-37,19,81,141,5
322,7,1,Platinum 3,7/27/2023,Cypher,Bind,Win,13,11,16,14,3,1.1,12,19,115,184,5
323,7,1,Platinum 3,7/27/2023,Killjoy,Pearl,Loss,7,13,14,14,2,1,20,16,148,225,2
324,7,1,Platinum 3,7/27/2023,Cypher,Fracture,Loss,8,13,10,17,8,0.6,17,27,142,192,3
325,7,1,Platinum 3,7/28/2023,Cypher,Lotus,Win,13,11,23,16,6,1.4,61,23,174,269,1
326,7,1,Platinum 3,7/28/2023,Killjoy,Haven,Win,13,3,16,5,4,3.2,115,34,183,260,2
327,7,1,Platinum 3,7/28/2023,Killjoy,Split,Loss,6,13,14,14,2,1,-1,34,145,198,2
328,7,1,Platinum 3,7/29/2023,Killjoy,Split,Win,13,10,18,11,3,1.6,42,16,140,218,4
329,7,1,Platinum 3,7/29/2023,Killjoy,Haven,Loss,9,13,8,18,5,0.4,-39,19,107,143,5
330,7,1,Platinum 3,7/29/2023,Cypher,Fracture,Win,13,8,15,11,9,1.4,31,16,150,213,4
331,7,1,Platinum 3,7/29/2023,Cypher,Fracture,Loss,13,15,25,19,5,1.3,19,27,157,233,1
332,7,1,Platinum 3,7/29/2023,Killjoy,Haven,Loss,7,13,21,15,0,1.4,37,19,171,286,1
333,7,1,Platinum 3,7/30/2023,Cypher,Bind,Win,13,10,16,16,5,1,-1,21,121,188,3
334,7,1,Platinum 3,7/30/2023,Cypher,Lotus,Loss,8,13,7,13,3,0.5,-39,14,65,97,5
335,7,1,Platinum 3,7/30/2023,Killjoy,Ascent,Win,13,9,20,13,6,1.5,63,18,181,268,2
336,7,1,Platinum 3,7/30/2023,Cypher,Lotus,Win,13,11,11,18,9,0.6,-34,17,99,147,5
337,7,1,Platinum 3,7/30/2023,Killjoy,Pearl,Loss,13,15,8,22,1,0.4,-59,20,78,105,5
338,7,1,Diamond 1,7/31/2023,Cypher,Pearl,Win,9,4,10,8,1,1.3,5,27,117,189,3
339,7,1,Diamond 1,7/31/2023,Cypher,Fracture,Win,13,3,12,9,5,1.3,20,22,124,219,3
340,7,1,Diamond 1,7/31/2023,Killjoy,Haven,Loss,13,15,23,19,6,1.2,-8,11,123,208,1
341,7,1,Diamond 1,8/2/2023,Cypher,Bind,Win,15,13,20,17,3,1.2,37,25,140,204,3
342,7,1,Diamond 1,8/2/2023,Cypher,Lotus,Win,13,5,17,8,8,2.1,52,26,140,234,2
343,7,1,Diamond 1,8/3/2023,Killjoy,Pearl,Loss,7,13,10,15,3,0.7,-43,10,91,141,4
344,7,1,Diamond 1,8/3/2023,Killjoy,Ascent,Loss,10,13,6,18,3,0.3,-61,10,73,96,5
345,7,1,Diamond 1,8/3/2023,Cypher,Fracture,Win,13,2,11,9,9,1.2,10,22,128,193,4
346,7,1,Diamond 1,8/3/2023,Cypher,Bind,Win,13,8,13,11,6,1.2,-3,24,96,146,4
347,7,1,Diamond 1,8/19/2023,Cypher,Lotus,Loss,11,13,16,17,7,0.9,22,36,147,201,3
348,7,1,Diamond 1,8/19/2023,Cypher,Lotus,Win,13,4,14,10,5,1.4,30,24,141,231,3
349,7,1,Diamond 1,8/19/2023,Killjoy,Ascent,Loss,3,13,11,14,2,0.8,4,12,144,216,1
350,7,1,Diamond 1,8/19/2023,Cypher,Bind,Win,13,9,19,13,5,1.5,39,22,142,236,2
351,7,1,Diamond 1,8/19/2023,Killjoy,Split,Loss,11,13,16,15,2,1.1,2,18,125,179,4
352,7,1,Diamond 1,8/19/2023,Killjoy,Pearl,Win,14,12,22,21,5,1,13,15,157,250,2
353,7,1,Diamond 1,8/19/2023,Killjoy,Ascent,Win,13,11,18,14,5,1.3,32,28,144,214,3
354,7,1,Diamond 1,8/19/2023,Cypher,Fracture,Win,13,9,18,15,4,1.2,21,16,150,235,2
355,7,1,Diamond 1,8/20/2023,Killjoy,Haven,Loss,11,13,21,19,5,1.1,-2,13,158,245,2
356,7,1,Diamond 1,8/20/2023,Cypher,Lotus,Win,13,10,16,13,5,1.2,33,25,128,184,4
357,7,1,Diamond 1,8/20/2023,Killjoy,Pearl,Loss,5,13,11,16,3,0.7,-13,10,128,185,2
358,7,1,Diamond 1,8/20/2023,Cypher,Bind,Loss,5,13,13,15,5,0.9,-15,24,132,203,3
359,7,1,Diamond 1,8/20/2023,Cypher,Lotus,Win,13,4,18,5,3,3.6,91,35,167,252,2
360,7,1,Diamond 1,8/21/2023,Cypher,Fracture,Loss,6,13,16,16,3,1,9,19,164,248,2
361,7,1,Diamond 1,8/21/2023,Killjoy,Pearl,Loss,6,13,13,16,3,0.8,-9,18,151,216,2
362,7,1,Diamond 1,8/21/2023,Killjoy,Haven,Loss,12,14,13,16,6,0.8,-17,14,113,165,5
363,7,1,Diamond 1,8/21/2023,Killjoy,Ascent,Win,13,4,9,10,3,0.9,-17,6,100,145,5
364,7,1,Diamond 1,8/22/2023,Killjoy,Ascent,Win,13,10,14,13,3,1.1,-2,23,109,163,5
365,7,1,Diamond 1,8/22/2023,Cypher,Bind,Loss,10,13,20,17,2,1.2,8,29,135,233,1
366,7,1,Diamond 1,8/22/2023,Cypher,Lotus,Win,13,8,18,13,2,1.4,30,25,145,224,3
367,7,1,Diamond 1,8/22/2023,Killjoy,Haven,Win,13,8,23,11,2,2.1,70,32,169,276,1
368,7,1,Diamond 1,8/22/2023,Killjoy,Haven,Loss,7,13,10,17,5,0.6,-25,15,118,159,4
369,7,1,Diamond 1,8/23/2023,Killjoy,Split,Win,13,4,6,10,2,0.6,-31,11,72,104,5
370,7,1,Diamond 1,8/23/2023,Cypher,Lotus,Win,13,6,12,13,4,0.9,-2,20,132,196,4
371,7,1,Diamond 1,8/23/2023,Killjoy,Ascent,Loss,4,13,12,16,4,0.8,-5,17,148,220,3
372,7,1,Diamond 1,8/23/2023,Killjoy,Split,Loss,13,15,14,18,6,0.8,-42,10,92,143,5
373,7,1,Diamond 1,8/23/2023,Cypher,Lotus,Loss,6,13,14,17,2,0.8,-58,29,113,197,3
374,7,1,Diamond 1,8/23/2023,Cypher,Fracture,Loss,12,14,15,19,11,0.8,-10,12,130,193,4
375,7,1,Diamond 1,8/23/2023,Killjoy,Split,Loss,12,14,18,16,3,1.1,24,20,133,179,2
376,7,1,Diamond 1,8/23/2023,Killjoy,Haven,Loss,4,13,13,17,2,0.8,-27,10,147,244,2
377,7,1,Diamond 1,8/23/2023,Killjoy,Pearl,Win,13,8,18,12,3,1.5,66,20,165,240,2
378,7,1,Platinum 3,8/24/2023,Killjoy,Ascent,Loss,6,13,9,13,2,0.7,-6,25,109,143,4
379,7,1,Platinum 3,8/24/2023,Cypher,Bind,Loss,13,15,17,17,5,1,-16,22,107,162,4
380,7,1,Platinum 3,8/24/2023,Cypher,Bind,Loss,8,13,15,15,1,1,0,54,117,194,2
381,7,1,Diamond 1,8/24/2023,Cypher,Lotus,Win,13,8,16,8,4,2,54,32,146,216,2
382,7,1,Diamond 1,8/24/2023,Killjoy,Pearl,Win,13,6,16,14,4,1.1,18,32,156,220,3
383,7,1,Diamond 1,8/28/2023,Killjoy,Ascent,Win,13,7,18,12,0,1.5,52,22,164,231,3
384,7,1,Diamond 1,8/28/2023,Killjoy,Ascent,Win,13,8,15,12,4,1.3,6,14,119,175,3
385,7,1,Placement,8/28/2023,Killjoy,Split,Loss,9,13,19,18,10,1.1,41,18,171,269,2
386,7,2,Diamond 1,8/30/2023,Cypher,Lotus,Loss,11,13,13,17,3,0.8,-27,29,97,142,5
387,7,2,Diamond 1,8/30/2023,Killjoy,Haven,Win,13,5,17,9,4,1.9,100,20,205,274,3
388,7,2,Diamond 1,8/31/2023,Cypher,Lotus,Loss,4,13,6,14,1,0.4,-77,24,74,112,5
389,7,2,Diamond 1,8/31/2023,Killjoy,Split,Win,13,3,14,8,4,1.8,70,19,159,227,3
390,7,2,Diamond 1,8/31/2023,Killjoy,Breeze,Loss,9,13,12,18,7,0.7,-17,20,133,177,4
391,7,2,Platinum 3,8/31/2023,Cypher,Bind,Loss,9,13,10,16,4,0.6,-71,19,64,109,4
392,7,2,Diamond 1,9/1/2023,Killjoy,Breeze,Loss,8,13,17,15,3,1.1,51,19,182,248,2
393,7,2,Diamond 1,9/1/2023,Cypher,Lotus,Win,13,9,13,16,8,0.8,-19,22,113,174,4
394,7,2,Diamond 1,9/1/2023,Cypher,Lotus,Win,13,1,8,3,5,2.7,39,9,98,140,4
395,7,2,Diamond 1,9/1/2023,Cypher,Bind,Loss,12,14,13,20,7,0.7,-40,18,114,157,5
396,7,2,Platinum 3,9/7/2023,Killjoy,Ascent,Loss,8,13,17,15,4,1.1,6,12,130,227,1
397,7,2,Platinum 3,9/8/2023,Cypher,Sunset,Loss,3,13,5,14,2,0.4,-37,25,91,107,5
398,7,2,Diamond 1,9/8/2023,Killjoy,Haven,Win,13,4,7,9,1,0.8,-29,22,67,118,5
399,7,2,Diamond 1,9/8/2023,Cypher,Lotus,Win,13,7,24,10,2,2.4,82,26,189,319,1
400,7,2,Diamond 1,9/8/2023,Killjoy,Haven,Loss,10,13,19,14,0,1.4,33,20,153,218,2
401,7,2,Diamond 1,9/8/2023,Cypher,Sunset,Win,15,13,20,17,8,1.2,12,15,130,198,3
402,7,2,Diamond 1,9/8/2023,Cypher,Bind,Draw,14,14,19,21,11,0.9,-7,16,132,207,3
403,7,2,Diamond 1,9/8/2023,Killjoy,Ascent,Win,13,7,13,13,7,1,3,28,116,189,5
404,7,2,Diamond 1,9/8/2023,Cypher,Sunset,Loss,9,13,11,19,5,0.6,-59,9,104,162,4
405,7,2,Platinum 3,9/8/2023,Killjoy,Split,Loss,4,13,8,15,2,0.5,-25,20,111,164,3
406,7,2,Platinum 3,9/8/2023,Cypher,Lotus,Loss,5,13,9,15,1,0.6,-13,24,121,166,2
407,7,2,Platinum 3,9/9/2023,Killjoy,Ascent,Loss,9,13,16,15,1,1.1,22,38,151,192,3
408,7,2,Platinum 3,9/9/2023,Cypher,Sunset,Loss,10,13,17,16,5,1.1,-23,33,105,183,3
409,7,2,Platinum 3,9/9/2023,Cypher,Bind,Win,13,4,11,9,2,1.2,5,25,101,145,5
410,7,2,Platinum 3,9/9/2023,Killjoy,Haven,Loss,10,13,14,18,4,0.8,-14,10,126,192,3
411,7,2,Platinum 3,9/10/2023,Cypher,Bind,Loss,5,13,12,13,1,0.9,1,30,135,212,3
412,7,2,Platinum 3,9/10/2023,Killjoy,Split,Win,13,8,24,10,6,2.4,117,23,216,325,1
413,7,2,Platinum 3,9/10/2023,Killjoy,Split,Loss,9,13,17,18,6,0.9,6,12,156,245,1
414,7,2,Platinum 3,9/10/2023,Cypher,Breeze,Loss,6,13,17,16,4,1.1,-14,16,144,244,1
415,7,2,Platinum 3,9/10/2023,Cypher,Sunset,Win,13,3,14,8,5,1.8,84,32,186,252,3
416,7,2,Platinum 3,9/10/2023,Killjoy,Haven,Loss,11,13,26,18,6,1.4,84,28,216,320,1
417,7,2,Platinum 3,9/10/2023,Cypher,Bind,Win,13,11,25,17,7,1.5,56,29,201,303,1
418,7,2,Platinum 3,9/10/2023,Cypher,Haven,Win,13,7,13,12,7,1.1,-13,18,105,181,4
419,7,2,Platinum 3,9/10/2023,Killjoy,Split,Loss,5,13,14,15,2,0.9,7,35,144,220,3
420,7,2,Platinum 3,9/10/2023,Killjoy,Ascent,Loss,10,13,19,15,5,1.3,51,21,170,247,1
421,7,2,Platinum 3,9/11/2023,Cypher,Breeze,Win,13,5,21,6,5,3.5,119,41,208,311,1
422,7,2,Platinum 3,9/11/2023,Cypher,Sunset,Loss,2,13,6,14,1,0.4,-67,35,99,138,4
423,7,2,Platinum 3,10/5/2023,Cypher,Breeze,Win,13,8,31,11,3,2.8,126,25,266,381,1
424,7,2,Diamond 1,10/5/2023,Cypher,Sunset,Win,13,5,15,9,3,1.7,61,28,154,246,3
425,7,2,Diamond 1,10/6/2023,Cypher,Bind,Win,13,8,13,14,5,0.9,18,23,114,174,4
426,7,2,Diamond 1,10/18/2023,Killjoy,Split,Loss,10,13,19,14,3,1.4,74,17,188,241,2
427,7,2,Platinum 3,10/19/2023,Cypher,Lotus,Loss,10,13,18,16,5,1.1,29,24,156,240,2
428,7,2,Platinum 3,10/19/2023,Cypher,Breeze,Loss,7,13,16,14,3,1.1,20,20,137,221,1
429,7,2,Platinum 3,10/19/2023,Killjoy,Ascent,Win,14,12,17,16,6,1.1,11,8,135,186,4
430,7,2,Diamond 1,10/20/2023,Cypher,Sunset,Loss,12,14,12,20,8,0.6,-36,14,105,149,5
431,7,2,Diamond 1,10/27/2023,Cypher,Bind,Win,13,9,20,13,4,1.5,22,18,143,242,2
432,7,2,Diamond 1,10/27/2023,Killjoy,Haven,Win,13,11,17,16,4,1.1,18,22,152,218,3
433,7,2,Placement,10/28/2023,Cypher,Lotus,Loss,13,15,23,20,2,1.2,-2,23,136,226,1
434,7,3,Diamond 1,10/31/2023,Killjoy,Ascent,Win,13,3,7,5,4,1.4,17,9,84,121,5
435,7,3,Diamond 1,11/2/2023,Cypher,Breeze,Loss,11,13,18,17,2,1.1,19,20,146,209,2
436,7,3,Diamond 1,11/2/2023,Cypher,Sunset,Win,13,1,29,3,7,9.7,293,22,373,572,1
437,7,3,Diamond 1,11/3/2023,Cypher,Lotus,Win,13,7,18,11,8,1.6,30,17,149,244,3
438,7,3,Diamond 1,11/3/2023,Cypher,Bind,Loss,10,13,16,16,5,1,-40,16,100,188,3
439,7,3,Diamond 1,11/4/2023,Killjoy,Haven,Win,13,7,7,13,2,0.5,-29,15,84,109,5
440,7,3,Diamond 1,11/4/2023,Killjoy,Haven,Win,13,10,10,16,1,0.6,-33,13,96,137,5
441,7,3,Diamond 1,11/4/2023,Cypher,Breeze,Loss,4,13,12,16,1,0.8,-64,27,123,205,1
442,7,3,Diamond 1,11/4/2023,Cypher,Breeze,Loss,8,13,15,18,4,0.8,-23,20,130,202,2
443,7,3,Diamond 1,11/4/2023,Killjoy,Ascent,Loss,8,13,13,15,5,0.9,0,24,127,183,2
444,7,3,Diamond 1,11/4/2023,Cypher,Lotus,Win,13,11,24,15,6,1.6,74,31,189,280,1
445,7,3,Diamond 1,11/4/2023,Killjoy,Haven,Win,11,1,13,3,4,4.3,140,20,191,301,2
446,7,3,Diamond 1,11/4/2023,Cypher,Sunset,Loss,6,13,16,17,3,0.9,26,25,183,272,2
447,7,3,Diamond 1,11/7/2023,Cypher,Breeze,Loss,6,13,11,18,1,0.6,-49,24,116,174,3
448,7,3,Diamond 1,11/7/2023,Cypher,Breeze,Win,13,9,27,14,4,1.9,82,39,204,334,1
449,7,3,Diamond 1,11/7/2023,Killjoy,Ascent,Loss,9,13,19,15,5,1.3,25,16,159,250,2
450,7,3,Diamond 1,11/7/2023,Cypher,Sunset,Win,13,11,14,16,6,0.9,-18,32,108,162,4
451,7,3,Diamond 2,11/9/2023,Killjoy,Split,Win,13,7,15,10,7,1.5,58,21,168,233,3
452,7,3,Diamond 2,11/9/2023,Cypher,Sunset,Win,15,13,21,22,7,1,13,27,139,230,2
453,7,3,Diamond 2,11/10/2023,Killjoy,Ascent,Loss,12,14,15,18,4,0.8,-21,16,109,157,4
454,7,3,Diamond 2,11/10/2023,Cypher,Breeze,Win,13,9,23,15,4,1.5,42,25,183,293,1
455,7,3,Diamond 2,11/11/2023,Cypher,Bind,Loss,9,13,10,15,5,0.7,-40,21,80,107,4
456,7,3,Diamond 1,11/12/2023,Cypher,Lotus,Loss,1,13,6,14,4,0.4,-68,29,101,144,4
457,7,3,Diamond 1,11/14/2023,Killjoy,Haven,Loss,11,13,15,18,4,0.8,0,27,139,208,3
458,7,3,Diamond 1,11/15/2023,Cypher,Bind,Loss,9,13,17,16,5,1.1,0,30,138,217,3
459,7,3,Diamond 1,11/16/2023,Killjoy,Haven,Loss,8,13,19,16,3,1.2,28,26,184,261,1
460,7,3,Diamond 1,11/16/2023,Cypher,Split,Loss,11,13,11,19,8,0.6,-17,15,132,168,4
461,7,3,Diamond 1,11/16/2023,Cypher,Breeze,Loss,9,13,14,15,2,0.9,3,20,139,192,4
462,7,3,Platinum 3,11/16/2023,Cypher,Split,Loss,11,13,22,19,7,1.2,27,26,172,283,1
463,7,3,Diamond 1,11/16/2023,Cypher,Lotus,Loss,11,13,24,16,11,1.5,30,17,168,281,2
464,7,3,Diamond 1,11/16/2023,Killjoy,Ascent,Win,13,10,15,17,6,0.9,40,16,177,240,4
465,7,3,Diamond 1,11/18/2023,Killjoy,Haven,Win,15,13,26,16,3,1.6,67,17,177,271,1
466,7,3,Diamond 1,11/18/2023,Cypher,Lotus,Win,5,0,6,0,2,6,153,38,173,294,3
467,7,3,Diamond 1,11/18/2023,Cypher,Bind,Win,13,10,8,15,7,0.5,-40,8,89,120,5
468,7,3,Diamond 1,11/18/2023,Cypher,Sunset,Loss,10,13,14,16,3,0.9,-10,22,123,173,4
469,7,3,Diamond 1,11/18/2023,Killjoy,Ascent,Win,13,5,21,8,4,2.6,115,13,203,316,1
470,7,3,Diamond 1,11/18/2023,Killjoy,Haven,Win,13,10,18,16,3,1.1,16,24,149,217,4
471,7,3,Diamond 1,11/19/2023,Cypher,Lotus,Loss,6,13,14,15,3,0.9,2,36,150,225,1
472,7,3,Diamond 2,11/19/2023,Cypher,Sunset,Win,13,6,15,11,4,1.4,25,26,123,206,4
473,7,3,Diamond 2,11/21/2023,Killjoy,Haven,Win,13,11,19,18,5,1.1,6,19,158,240,2
474,7,3,Diamond 2,11/25/2023,Killjoy,Ascent,Win,13,10,14,14,2,1,-11,35,116,171,4
475,7,3,Diamond 2,11/25/2023,Cypher,Lotus,Loss,10,13,16,16,2,1,0,18,112,170,2
476,7,3,Diamond 1,11/25/2023,Killjoy,Ascent,Loss,8,13,14,15,6,0.9,-4,27,152,228,2
477,7,3,Diamond 1,11/25/2023,Cypher,Bind,Loss,8,13,12,16,4,0.8,-26,21,111,147,4
478,7,3,Diamond 1,11/25/2023,Cypher,Breeze,Loss,10,13,16,14,4,1.1,21,22,137,194,3
479,7,3,Diamond 1,11/25/2023,Cypher,Lotus,Loss,7,13,12,17,4,0.7,-20,50,126,181,3
480,7,3,Diamond 1,11/25/2023,Cypher,Bind,Win,13,9,19,15,7,1.3,-2,27,147,250,2
481,7,3,Diamond 1,11/28/2023,Cypher,Sunset,Loss,10,13,13,16,5,0.8,-35,37,86,144,5
482,7,3,Diamond 1,11/28/2023,Killjoy,Ascent,Win,13,10,19,12,4,1.6,40,12,140,222,3
483,7,3,Diamond 1,11/28/2023,Cypher,Bind,Win,13,4,15,11,2,1.4,25,21,134,232,3
484,7,3,Diamond 1,11/28/2023,Killjoy,Ascent,Loss,9,13,17,16,2,1.1,12,21,139,212,2
485,7,3,Diamond 2,11/29/2023,Cypher,Lotus,Win,14,12,15,17,11,0.9,-2,25,122,173,4
486,7,3,Diamond 2,11/29/2023,Killjoy,Ascent,Win,13,6,19,12,2,1.6,50,19,175,238,2
487,7,3,Diamond 1,12/1/2023,Killjoy,Split,Loss,11,13,11,15,4,0.7,-9,8,110,152,5
488,7,3,Diamond 1,12/2/2023,Cypher,Breeze,Loss,4,13,13,14,2,0.9,21,36,158,232,2
489,7,3,Diamond 1,12/2/2023,Cypher,Lotus,Loss,6,13,9,15,2,0.6,-37,20,97,149,3
490,7,3,Diamond 1,12/2/2023,Cypher,Sunset,Loss,12,14,28,18,4,1.6,73,27,205,314,1
491,7,3,Diamond 1,12/3/2023,Cypher,Lotus,Win,13,4,9,9,4,1,-21,16,89,152,5
492,7,3,Diamond 2,12/3/2023,Killjoy,Ascent,Win,13,3,6,9,6,0.7,0,5,100,144,5
493,7,3,Diamond 2,12/3/2023,Cypher,Breeze,Win,13,11,15,17,6,0.9,-21,25,119,182,4
494,7,3,Diamond 2,12/4/2023,Cypher,Breeze,Win,13,6,22,9,3,2.4,105,22,195,296,2
495,7,3,Diamond 2,12/4/2023,Cypher,Sunset,Win,13,4,13,7,6,1.9,52,24,122,207,4
496,7,3,Diamond 2,12/5/2023,Cypher,Bind,Loss,10,13,18,14,2,1.3,28,24,141,220,2
497,7,3,Diamond 2,12/5/2023,Killjoy,Split,Loss,8,13,16,16,4,1,17,14,152,228,2
498,7,3,Diamond 2,12/5/2023,Cypher,Bind,Loss,8,13,17,16,2,1.1,24,18,157,247,1
499,7,3,Diamond 2,12/5/2023,Cypher,Lotus,Win,13,9,27,10,5,2.7,63,20,173,299,1
500,7,3,Diamond 2,12/7/2023,Killjoy,Haven,Loss,12,14,24,20,4,1.2,20,18,169,248,1
501,7,3,Diamond 2,12/7/2023,Cypher,Sunset,Loss,13,15,22,16,3,1.4,32,42,141,219,1
502,7,3,Diamond 2,12/7/2023,Killjoy,Ascent,Win,13,5,9,8,5,1.1,17,13,103,148,4
503,7,3,Diamond 2,12/7/2023,Killjoy,Split,Loss,9,13,20,15,3,1.3,32,27,164,246,1
504,7,3,Diamond 2,12/8/2023,KAY/O,Bind,Loss,3,13,9,14,6,0.6,-53,44,94,155,4
505,7,3,Diamond 2,12/13/2023,Cypher,Haven,Win,13,5,16,10,2,1.6,45,28,144,230,2
506,7,3,Diamond 2,12/13/2023,Cypher,Ascent,Loss,8,13,10,18,3,0.6,-54,17,81,135,4
507,7,3,Diamond 2,12/13/2023,Cypher,Bind,Loss,10,13,15,18,5,0.8,-37,12,109,178,5
508,7,3,Diamond 2,12/18/2023,Cypher,Sunset,Win,13,10,14,12,3,1.2,23,28,108,170,4
509,7,3,Diamond 2,12/19/2023,Cypher,Breeze,Win,16,14,34,17,3,2,80,40,200,299,1
510,7,3,Diamond 2,12/20/2023,Cypher,Breeze,Win,13,8,16,13,3,1.2,11,15,119,180,3
511,7,3,Diamond 2,12/21/2023,Killjoy,Split,Loss,9,13,21,16,5,1.3,31,23,161,254,2
512,7,3,Diamond 2,12/29/2023,Cypher,Lotus,Win,13,3,6,8,5,0.8,-37,6,66,103,4
513,7,3,Diamond 3,12/30/2023,Cypher,Ascent,Win,13,4,22,6,3,3.7,123,26,202,330,1
514,7,3,Diamond 3,12/30/2023,Cypher,Sunset,Win,13,4,19,7,4,2.7,94,28,179,284,2
515,7,3,Diamond 3,12/31/2023,Brimstone,Bind,Loss,8,13,12,15,10,0.8,-16,30,112,167,5
516,7,3,Diamond 3,1/1/2024,Cypher,Breeze,Win,13,6,25,11,3,2.3,99,21,209,335,1
517,7,3,Diamond 3,1/1/2024,Cypher,Ascent,Win,13,9,18,15,6,1.2,23,20,140,235,2
518,7,3,Diamond 3,1/2/2024,Cypher,Sunset,Loss,6,13,10,15,8,0.7,20,15,145,190,4
519,7,3,Diamond 3,1/3/2024,Cypher,Bind,Win,13,7,10,9,5,1.1,7,33,93,144,5
520,7,3,Diamond 3,1/3/2024,Cypher,Haven,Win,13,11,18,13,6,1.4,48,36,150,211,3
521,7,3,Diamond 3,1/4/2024,Cypher,Lotus,Win,11,2,11,4,0,2.8,58,33,137,191,2
522,7,3,Diamond 3,1/4/2024,Cypher,Haven,Loss,8,13,9,17,4,0.5,-70,19,72,119,5
523,7,3,Diamond 3,1/4/2024,Cypher,Breeze,Loss,2,13,6,13,2,0.5,-41,38,102,137,3
524,7,3,Diamond 3,1/5/2024,Cypher,Breeze,Loss,10,13,19,16,4,1.2,40,24,161,236,2
525,7,3,Diamond 3,1/6/2024,Cypher,Ascent,Loss,4,13,9,16,5,0.6,-57,18,112,172,4
526,7,3,Diamond 3,1/6/2024,Cypher,Bind,Loss,8,13,17,14,6,1.2,37,31,167,255,2
527,7,3,Diamond 3,1/6/2024,Cypher,Haven,Win,13,8,20,11,1,1.8,47,40,156,245,2
528,7,3,Diamond 3,1/7/2024,Cypher,Split,Win,13,8,21,13,5,1.6,48,20,167,263,1
529,7,3,Diamond 3,1/7/2024,Cypher,Split,Loss,11,13,17,20,7,0.9,-7,21,149,221,2
530,7,3,Diamond 3,1/7/2024,Cypher,Ascent,Win,13,8,11,10,11,1.1,-4,15,86,142,5
531,7,3,Diamond 3,1/7/2024,Cypher,Ascent,Loss,11,13,14,20,7,0.7,-43,11,114,169,4
532,7,3,Diamond 3,1/7/2024,Cypher,Breeze,Win,13,11,15,13,7,1.2,36,30,128,184,5
533,7,3,Diamond 3,1/7/2024,Cypher,Bind,Loss,9,13,16,14,7,1.1,13,20,135,217,2
534,7,3,Placement,1/7/2024,Cypher,Bind,Loss,12,14,9,22,3,0.4,-98,20,58,96,5
535,8,1,Placement,1/12/2024,Cypher,Icebox,Loss,5,13,15,12,4,1.3,-3,16,121,222,1
536,8,1,Placement,1/13/2024,Cypher,Lotus,Loss,5,13,12,14,1,0.9,-26,33,110,167,3
537,8,1,Placement,1/13/2024,Cypher,Split,Loss,11,13,17,18,8,0.9,9,17,139,211,3
538,8,1,Placement,1/15/2024,Cypher,Sunset,Loss,9,13,11,17,8,0.6,-28,29,108,168,4
539,8,1,Platinum 1,1/15/2024,Cypher,Bind,Loss,8,13,19,17,7,1.1,42,26,180,260,2
540,8,1,Platinum 1,1/15/2024,Cypher,Bind,Loss,10,13,24,15,1,1.6,42,37,179,300,1
541,8,1,Platinum 1,1/19/2024,Cypher,Sunset,Win,14,12,19,18,5,1.1,10,33,145,202,4
542,8,1,Platinum 1,1/19/2024,Cypher,Icebox,Loss,5,13,19,14,4,1.4,40,35,180,280,1
543,8,1,Platinum 1,1/26/2024,Cypher,Lotus,Loss,7,13,16,15,4,1.1,-14,27,132,223,1
544,8,1,Platinum 2,1/26/2024,Cypher,Sunset,Win,14,12,17,17,13,1,38,22,156,207,4
545,8,1,Platinum 2,1/26/2024,Cypher,Bind,Win,13,8,21,12,6,1.8,47,33,163,255,1
546,8,1,Platinum 2,1/27/2024,Cypher,Lotus,Loss,10,13,27,16,0,1.7,73,34,210,319,1
547,8,1,Platinum 2,1/27/2024,Cypher,Icebox,Win,13,9,13,14,4,0.9,-18,41,97,146,4
548,8,1,Platinum 2,2/2/2024,Cypher,Ascent,Loss,3,13,14,14,5,1,42,26,184,252,1
549,8,1,Platinum 2,2/2/2024,Cypher,Bind,Loss,9,13,22,15,5,1.5,67,35,186,283,1
550,8,1,Platinum 2,2/2/2024,Cypher,Icebox,Win,13,5,18,7,4,2.6,65,19,162,250,2
551,8,1,Platinum 2,2/2/2024,Cypher,Breeze,Win,13,3,11,8,7,1.4,57,17,133,190,4
552,8,1,Platinum 3,2/2/2024,Cypher,Lotus,Win,13,5,18,9,8,2,77,28,183,299,1
553,8,1,Platinum 3,2/2/2024,Cypher,Breeze,Win,13,7,19,12,1,1.6,10,22,143,226,2
554,8,1,Platinum 2,2/3/2024,Cypher,Lotus,Loss,11,13,25,17,5,1.5,56,25,191,278,1
555,8,1,Platinum 2,2/3/2024,Cypher,Ascent,Loss,8,13,18,15,7,1.2,51,30,185,269,2
556,8,1,Platinum 3,2/3/2024,Cypher,Icebox,Loss,9,13,19,15,3,1.3,31,29,161,251,2
557,8,1,Platinum 3,2/3/2024,Cypher,Bind,Win,13,9,22,14,7,1.6,32,28,162,267,2
558,8,1,Platinum 2,2/3/2024,Cypher,Split,Loss,10,13,21,17,6,1.2,51,42,186,279,1
559,8,1,Platinum 3,2/3/2024,Cypher,Icebox,Loss,11,13,22,17,3,1.3,17,40,151,239,1
560,8,1,Platinum 3,2/3/2024,Cypher,Split,Win,13,10,24,14,4,1.7,37,28,170,269,1
561,8,1,Platinum 3,2/3/2024,Cypher,Ascent,Win,13,10,19,14,7,1.4,41,37,148,231,2
562,8,1,Platinum 3,2/3/2024,Cypher,Sunset,Loss,11,13,16,17,7,0.9,9,29,141,214,1
563,8,1,Platinum 3,2/3/2024,Cypher,Bind,Win,13,9,13,13,4,1,0,31,109,178,4
564,8,1,Platinum 3,2/3/2024,Cypher,Sunset,Win,13,9,12,16,3,0.8,-24,31,111,150,5
565,8,1,Platinum 3,2/4/2024,Cypher,Lotus,Win,13,10,7,14,5,0.5,-39,44,68,82,5
566,8,1,Diamond 1,2/4/2024,Cypher,Ascent,Win,13,8,20,11,4,1.8,55,40,156,235,2
567,8,1,Diamond 1,2/4/2024,Cypher,Bind,Win,13,8,20,14,4,1.4,39,27,167,255,3
568,8,1,Diamond 1,2/5/2024,Cypher,Ascent,Win,13,6,16,9,8,1.8,43,40,137,216,4
569,8,1,Diamond 1,2/5/2024,Cypher,Split,Win,13,11,18,14,4,1.3,10,18,132,214,3
570,8,1,Diamond 1,2/6/2024,Cypher,Sunset,Win,13,9,23,12,6,1.9,91,46,187,282,1
571,8,1,Diamond 2,2/6/2024,Cypher,Lotus,Win,14,12,17,16,8,1.1,23,29,133,193,4
572,8,1,Diamond 2,2/6/2024,Cypher,Icebox,Win,13,3,22,7,3,3.1,136,30,228,362,1
573,8,1,Diamond 2,2/7/2024,Cypher,Breeze,Win,13,6,17,9,6,1.9,25,12,124,214,3
574,8,1,Diamond 2,2/7/2024,Cypher,Breeze,Win,13,8,20,12,4,1.7,62,22,172,264,2
575,8,1,Diamond 2,2/9/2024,Cypher,Split,Win,13,2,15,6,0,2.5,42,27,145,237,2
576,8,1,Diamond 3,2/12/2024,Cypher,Split,Draw,15,15,18,18,5,1,-8,28,103,159,4
577,8,1,Diamond 3,2/13/2024,Cypher,Sunset,Win,13,11,14,17,3,0.8,-25,22,111,155,4
578,8,1,Diamond 3,2/14/2024,Cypher,Ascent,Win,13,5,16,9,5,1.8,43,24,132,241,3
579,8,1,Diamond 3,2/14/2024,Cypher,Sunset,Win,13,4,13,11,5,1.2,34,33,142,222,3
580,8,1,Diamond 3,2/15/2024,Cypher,Ascent,Win,13,10,5,15,3,0.3,-74,39,42,67,5
581,8,1,Diamond 3,2/15/2024,Cypher,Breeze,Win,13,5,22,12,4,1.8,77,23,197,341,1
582,8,1,Diamond 3,2/16/2024,Killjoy,Icebox,Loss,2,13,7,13,2,0.5,-69,28,103,147,3
583,8,1,Diamond 3,2/16/2024,Cypher,Split,Loss,8,13,16,17,7,0.9,16,36,156,234,3
584,8,1,Diamond 3,2/16/2024,Cypher,Split,Loss,7,13,14,16,5,0.9,-2,39,140,194,4
585,8,1,Diamond 3,2/17/2024,Cypher,Ascent,Loss,12,14,21,16,4,1.3,37,31,150,226,1
586,8,1,Diamond 3,2/17/2024,Cypher,Sunset,Win,13,8,17,11,7,1.5,73,29,170,250,2
587,8,1,Diamond 3,2/17/2024,Killjoy,Icebox,Loss,8,13,16,17,2,0.9,29,19,166,228,1
588,8,1,Diamond 3,2/17/2024,Cypher,Icebox,Loss,6,13,8,14,5,0.6,-54,20,86,135,4
589,8,1,Diamond 3,2/25/2024,Cypher,Ascent,Win,13,11,15,15,11,1,-23,31,95,175,4
590,8,1,Diamond 3,2/25/2024,Cypher,Split,Loss,11,13,14,15,1,0.9,13,39,111,163,4
591,8,1,Diamond 3,2/25/2024,Cypher,Lotus,Win,13,9,15,11,4,1.4,47,29,131,200,3
592,8,1,Diamond 3,2/29/2024,Cypher,Sunset,Loss,6,13,22,14,4,1.6,55,27,194,328,1
593,8,1,Diamond 3,2/29/2024,Cypher,Breeze,Loss,4,13,8,15,5,0.5,-66,39,103,147,5
594,8,1,Diamond 3,2/29/2024,Cypher,Breeze,Win,13,9,15,15,3,1,-7,20,115,182,3
595,8,1,Diamond 3,2/29/2024,Cypher,Ascent,Loss,12,14,14,18,10,0.8,-15,13,117,177,5
596,8,1,Diamond 3,2/29/2024,Cypher,Bind,Win,13,6,13,12,4,1.1,17,26,138,196,3
597,8,1,Diamond 3,3/1/2024,Cypher,Bind,Win,13,4,14,9,1,1.6,68,24,157,225,3
598,8,1,Diamond 3,3/1/2024,Cypher,Ascent,Win,13,10,24,13,2,1.8,80,36,178,266,2
599,8,1,Diamond 3,3/2/2024,Cypher,Icebox,Loss,6,13,10,16,5,0.6,-53,26,100,171,3
600,8,1,Diamond 3,3/2/2024,Cypher,Sunset,Loss,11,13,18,19,8,0.9,-1,30,139,224,1
601,8,1,Diamond 3,3/2/2024,Cypher,Ascent,Win,14,12,18,14,10,1.3,10,15,128,187,3
602,8,1,Diamond 3,3/2/2024,Cypher,Split,Loss,10,13,16,17,1,0.9,-17,28,116,178,4
603,8,1,Diamond 3,3/3/2024,Cypher,Bind,Win,13,10,15,14,5,1.1,32,22,149,207,3
604,8,1,Diamond 3,3/3/2024,Cypher,Lotus,Win,13,10,14,15,8,0.9,43,23,164,204,4
605,8,1,Diamond 3,3/3/2024,Cypher,Sunset,Win,13,5,14,8,6,1.8,55,15,145,204,4
606,8,1,Ascendant 1,3/3/2024,Cypher,Icebox,Win,13,1,3,7,2,0.4,-30,6,52,80,5
607,8,1,Placement,3/3/2024,Cypher,Ascent,Win,13,10,17,15,13,1.1,36,30,150,212,4
608,8,1,Diamond 3,3/4/2024,Cypher,Lotus,Loss,7,13,7,16,12,0.4,49,24,92,133,5
609,8,2,Ascendant 1,3/5/2024,Cypher,Breeze,Loss,11,13,18,17,4,1.1,22,14,133,226,2
610,8,2,Ascendant 1,3/7/2024,Cypher,Split,Win,13,10,19,15,7,1.3,29,25,160,257,2
611,8,2,Ascendant 1,3/8/2024,Cypher,Bind,Win,13,11,12,16,3,0.8,-28,26,98,142,4
612,8,2,Ascendant 1,3/8/2024,Cypher,Split,Win,13,9,18,10,9,1.8,45,19,147,223,3
613,8,2,Ascendant 1,3/9/2024,Viper,Icebox,Draw,15,15,23,20,6,1.2,2,22,134,203,3
614,8,2,Ascendant 1,3/10/2024,Cypher,Ascent,Loss,12,14,13,19,6,0.7,-11,25,122,157,5
615,8,2,Ascendant 1,3/10/2024,Cypher,Bind,Loss,10,13,15,18,4,0.8,-24,30,125,184,4
616,8,2,Ascendant 1,3/10/2024,Cypher,Lotus,Win,15,13,22,16,5,1.4,30,21,145,232,2
617,8,2,Ascendant 1,3/11/2024,Cypher,Lotus,Loss,10,13,7,17,10,0.4,-63,12,66,106,5
618,8,2,Ascendant 1,3/11/2024,Cypher,Breeze,Win,13,10,22,20,5,1.1,26,17,177,269,1
619,8,2,Ascendant 1,3/11/2024,Cypher,Split,Win,13,11,13,15,4,0.9,-2,16,110,154,5
620,8,2,Ascendant 1,3/12/2024,Cypher,Bind,Win,13,10,11,15,10,0.7,-14,24,102,161,4
621,8,2,Ascendant 1,3/13/2024,Cypher,Bind,Win,13,6,15,10,7,1.5,25,20,126,202,4
622,8,2,Ascendant 2,3/13/2024,Cypher,Ascent,Win,13,6,18,11,8,1.6,48,16,170,261,2
623,8,2,Ascendant 2,3/14/2024,Cypher,Ascent,Win,15,13,12,20,6,0.6,-48,27,73,116,5
624,8,2,Ascendant 1,3/15/2024,Cypher,Split,Loss,7,13,7,18,3,0.4,-75,12,86,119,5
625,8,2,Ascendant 2,3/15/2024,Cypher,Split,Loss,8,13,15,16,5,0.9,-1,20,138,208,2
626,8,2,Ascendant 2,3/16/2024,Cypher,Sunset,Win,14,12,24,20,6,1.2,10,26,163,273,1
627,8,2,Ascendant 2,3/16/2024,Cypher,Bind,Win,13,6,13,11,1,1.2,4,57,100,170,4
628,8,2,Ascendant 2,3/16/2024,Cypher,Lotus,Win,13,1,15,6,3,2.5,100,29,182,289,2
629,8,2,Ascendant 2,3/16/2024,Cypher,Breeze,Win,13,3,13,8,2,1.6,35,44,136,221,3
630,8,2,Ascendant 2,3/17/2024,Cypher,Breeze,Win,14,12,18,17,3,1.1,21,25,134,186,4
631,8,2,Ascendant 2,3/17/2024,Cypher,Ascent,Loss,2,13,7,13,0,0.5,-38,14,100,150,3
632,8,2,Ascendant 2,3/17/2024,Cypher,Split,Loss,8,13,11,15,2,0.7,-30,43,101,148,5
633,8,2,Ascendant 2,3/17/2024,Cypher,Ascent,Win,14,12,15,19,12,0.8,25,26,150,192,4
634,8,2,Ascendant 2,3/18/2024,Cypher,Sunset,Loss,9,13,17,16,3,1.1,-17,46,123,195,2
635,8,2,Ascendant 2,3/18/2024,Cypher,Ascent,Win,12,7,17,12,9,1.4,36,27,157,242,3
636,8,2,Ascendant 2,3/19/2024,Cypher,Bind,Loss,9,13,20,15,5,1.3,40,37,165,245,1
637,8,2,Ascendant 2,3/19/2024,Cypher,Lotus,Win,13,7,21,9,3,2.3,86,39,161,272,1
638,8,2,Ascendant 2,3/20/2024,Cypher,Lotus,Loss,11,13,7,17,6,0.4,-58,23,63,93,5
639,8,2,Ascendant 2,3/20/2024,Cypher,Breeze,Win,13,8,17,10,2,1.7,30,25,112,188,2
640,8,2,Ascendant 2,3/21/2024,Cypher,Sunset,Win,13,6,11,11,4,1,4,25,111,159,5
641,8,2,Ascendant 2,3/21/2024,Cypher,Sunset,Loss,9,13,15,15,1,1,3,31,131,184,3
642,8,2,Ascendant 2,3/21/2024,Cypher,Ascent,Loss,6,13,13,16,3,0.8,-35,28,106,173,2
643,8,2,Ascendant 2,3/21/2024,Cypher,Split,Loss,1,13,2,13,5,0.2,-86,11,53,72,5
644,8,2,Ascendant 2,3/21/2024,Cypher,Split,Win,13,2,12,5,3,2.4,49,31,115,189,5
645,8,2,Ascendant 2,3/21/2024,Cypher,Breeze,Loss,11,13,24,14,4,1.7,54,34,168,267,1
646,8,2,Ascendant 1,3/21/2024,Cypher,Ascent,Loss,11,13,13,15,7,0.9,13,32,116,157,5
647,8,2,Ascendant 1,3/22/2024,Cypher,Lotus,Loss,15,17,26,25,8,1,17,32,159,233,2
648,8,2,Ascendant 2,3/22/2024,Viper,Icebox,Win,15,13,23,19,13,1.2,19,29,147,238,2
649,8,2,Ascendant 2,3/22/2024,Cypher,Breeze,Win,13,7,14,11,3,1.3,9,24,108,177,3
650,8,2,Ascendant 2,3/22/2024,Viper,Icebox,Win,13,10,7,19,6,0.4,-63,29,77,104,5
651,8,2,Ascendant 2,3/22/2024,Cypher,Bind,Win,13,8,25,13,8,1.9,54,16,178,314,1
652,8,2,Ascendant 2,3/23/2024,Cypher,Ascent,Loss,11,13,11,17,2,0.6,-9,29,111,147,5
653,8,2,Ascendant 2,3/24/2024,Cypher,Sunset,Loss,5,13,8,15,2,0.5,-51,24,92,143,5
654,8,2,Ascendant 2,3/24/2024,Cypher,Lotus,Win,13,4,9,8,3,1.1,3,23,83,137,5
655,8,2,Ascendant 2,3/26/2024,Cypher,Breeze,Loss,4,13,14,13,2,1.1,21,29,154,241,1
656,8,2,Ascendant 1,3/26/2024,Cypher,Bind,Loss,4,13,7,15,0,0.5,-39,32,96,135,3
657,8,2,Ascendant 1,3/26/2024,Viper,Icebox,Loss,6,13,11,16,4,0.7,-46,40,102,152,3
658,8,2,Ascendant 1,3/26/2024,Cypher,Split,Loss,10,13,18,19,5,0.9,18,32,166,248,1
659,8,2,Ascendant 1,3/27/2024,Cypher,Ascent,Win,13,10,22,14,5,1.6,44,27,154,253,2
660,8,2,Ascendant 1,3/27/2024,Cypher,Sunset,Loss,5,13,13,13,2,1,9,41,125,200,1
661,8,2,Ascendant 1,3/27/2024,Viper,Icebox,Loss,4,13,6,13,5,0.5,-47,25,88,111,5
662,8,2,Ascendant 1,3/28/2024,Cypher,Lotus,Win,14,12,21,19,4,1.1,10,24,159,224,2
663,8,2,Ascendant 1,3/29/2024,Cypher,Breeze,Win,13,6,13,9,8,1.4,54,20,135,205,4
664,8,2,Ascendant 1,4/4/2024,Cypher,Split,Loss,6,13,11,16,5,0.7,3,32,135,196,3
665,8,2,Ascendant 1,4/4/2024,Viper,Icebox,Loss,9,13,13,17,3,0.8,-16,30,120,181,3
666,8,2,Ascendant 1,4/14/2024,Cypher,Split,Loss,7,13,16,13,3,1.2,25,35,139,237,2
667,8,2,Ascendant 1,4/14/2024,Cypher,Ascent,Loss,7,13,9,16,6,0.6,-36,18,99,147,5
668,8,2,Diamond 3,4/14/2024,Viper,Icebox,Loss,2,13,13,13,3,1,17,18,170,262,1
669,8,3,Diamond 3,5/21/2024,Cypher,Bind,Loss,4,13,8,17,3,0.5,-50,23,102,158,3
670,8,3,Ascendant 1,5/21/2024,Cypher,Lotus,Win,10,2,9,6,4,1.5,24,32,119,172,3
671,8,3,Ascendant 1,5/23/2024,Cypher,Sunset,Win,13,6,11,14,4,0.8,-40,15,97,160,4
672,8,3,Diamond 3,5/23/2024,Cypher,Bind,Loss,14,16,17,21,6,0.8,-17,23,108,158,5
673,8,3,Diamond 3,5/24/2024,Cypher,Sunset,Loss,12,14,21,19,6,1.1,27,30,162,234,3
674,8,3,Diamond 3,5/24/2024,Killjoy,Lotus,Loss,11,13,10,19,6,0.5,-36,12,90,143,5
675,8,3,Ascendant 1,5/24/2024,Cypher,Ascent,Win,13,3,16,6,1,2.7,78,41,155,264,2
676,8,3,Ascendant 1,5/24/2024,Viper,Icebox,Win,13,7,15,15,6,1,-9,30,134,217,2
677,8,3,Diamond 3,5/31/2024,Cypher,Breeze,Loss,4,13,16,14,4,1.1,8,21,168,272,1
678,8,3,Diamond 3,5/31/2024,Cypher,Bind,Loss,9,13,19,18,4,1.1,26,31,166,261,1
679,8,3,Diamond 3,5/31/2024,Cypher,Ascent,Loss,12,14,19,14,5,1.4,27,31,135,192,2
680,8,3,Diamond 3,6/1/2024,Cypher,Bind,Loss,7,13,22,14,4,1.6,62,34,183,297,1
681,8,3,Diamond 3,6/1/2024,Viper,Icebox,Win,13,11,12,17,7,0.7,-35,24,95,152,5
682,8,3,Diamond 3,6/1/2024,Cypher,Ascent,Win,13,11,22,15,9,1.5,57,25,160,251,2
683,8,3,Diamond 3,6/2/2024,Cypher,Sunset,Loss,10,13,17,15,3,1.1,8,27,124,187,3
684,8,3,Ascendant 1,6/2/2024,Viper,Icebox,Win,13,4,16,7,5,2.3,70,39,161,266,3
685,8,3,Ascendant 1,6/2/2024,Cypher,Breeze,Win,7,0,10,3,4,3.3,140,63,251,407,1
686,8,3,Ascendant 1,6/3/2024,Cypher,Sunset,Win,13,6,17,13,2,1.3,42,32,165,252,2
687,8,3,Ascendant 1,6/3/2024,Cypher,Split,Loss,5,13,15,14,3,1.1,4,14,133,227,1
688,8,3,Diamond 3,6/3/2024,Cypher,Ascent,Loss,8,13,17,15,7,1.1,40,24,170,260,2
689,8,3,Diamond 3,6/3/2024,Cypher,Ascent,Loss,7,13,15,17,4,0.9,-41,18,115,197,2
690,8,3,Diamond 3,6/5/2024,Viper,Icebox,Loss,12,14,23,18,5,1.3,38,35,177,254,1
691,8,3,Diamond 3,6/5/2024,Omen,Sunset,Win,13,9,11,14,4,0.8,-24,19,90,139,5
692,8,3,Ascendant 1,6/6/2024,Cypher,Breeze,Win,14,12,16,18,7,0.9,-18,20,115,177,5
693,8,3,Ascendant 1,6/8/2024,Omen,Sunset,Win,13,11,13,20,7,0.7,-38,26,108,166,4
694,8,3,Ascendant 1,6/8/2024,Cypher,Ascent,Loss,10,13,22,16,6,1.4,52,21,171,270,1
695,8,3,Ascendant 1,6/8/2024,Cypher,Bind,Win,13,6,23,8,6,2.9,86,20,172,306,1
696,8,3,Ascendant 1,6/8/2024,Cypher,Split,Win,13,9,22,15,3,1.5,68,26,201,299,1
697,8,3,Ascendant 1,6/8/2024,Killjoy,Lotus,Loss,6,13,10,15,5,0.7,-2,18,155,198,4
698,8,3,Ascendant 1,6/8/2024,Cypher,Bind,Win,13,11,20,14,6,1.4,47,28,163,252,2
699,8,3,Ascendant 1,6/8/2024,Cypher,Breeze,Win,13,8,16,13,9,1.2,13,22,134,214,4
700,8,3,Ascendant 1,6/9/2024,Killjoy,Lotus,Loss,10,13,11,17,5,0.6,-1,30,121,161,5
701,8,3,Ascendant 1,6/9/2024,Viper,Icebox,Win,13,6,15,13,7,1.2,24,24,169,236,4
702,8,3,Ascendant 1,6/10/2024,Cypher,Breeze,Loss,4,13,10,14,1,0.7,-66,18,94,167,3
703,8,3,Ascendant 1,6/10/2024,Cypher,Ascent,Loss,4,13,9,13,2,0.7,2,15,119,172,2
704,8,3,Ascendant 1,6/10/2024,Cypher,Split,Loss,8,13,20,15,5,1.3,45,31,172,248,2
705,8,3,Ascendant 1,6/10/2024,Viper,Icebox,Win,13,6,16,10,5,1.6,46,43,150,238,3
706,8,3,Ascendant 1,6/10/2024,Cypher,Bind,Loss,10,13,14,16,7,0.9,2,17,127,194,3
707,8,3,Ascendant 1,6/11/2024,Cypher,Sunset,Win,13,10,24,12,3,2,93,33,195,277,1
708,8,3,Ascendant 1,6/12/2024,Cypher,Haven,Win,13,11,18,14,4,1.3,31,13,145,212,3
709,8,3,Ascendant 1,6/12/2024,Cypher,Sunset,Win,5,1,3,2,2,1.5,17,13,94,134,4
710,8,3,Ascendant 1,6/12/2024,Cypher,Lotus,Loss,8,13,18,16,6,1.1,43,27,189,282,1
711,8,3,Ascendant 1,6/12/2024,Cypher,Ascent,Win,13,7,18,10,2,1.8,14,26,125,200,3
712,8,3,Ascendant 1,6/13/2024,Cypher,Lotus,Loss,8,13,14,18,4,0.8,-47,34,105,173,3
713,8,3,Ascendant 1,6/13/2024,Cypher,Sunset,Win,14,12,22,15,4,1.5,44,23,152,231,4
714,8,3,Ascendant 1,6/13/2024,Cypher,Bind,Win,13,9,17,15,9,1.1,17,18,145,214,4
715,8,3,Ascendant 1,6/13/2024,Cypher,Sunset,Win,13,4,22,7,6,3.1,152,23,240,352,1
716,8,3,Ascendant 1,6/13/2024,Viper,Icebox,Loss,1,13,10,14,1,0.7,-13,20,145,209,2
717,8,3,Ascendant 1,6/14/2024,Cypher,Haven,Win,13,7,8,14,3,0.6,-53,26,87,131,5
718,8,3,Ascendant 1,6/14/2024,Cypher,Haven,Loss,2,13,5,14,3,0.4,-56,10,96,126,5
719,8,3,Ascendant 1,6/20/2024,Cypher,Bind,Win,13,4,10,7,5,1.4,18,26,100,154,4
720,8,3,Ascendant 1,6/21/2024,Cypher,Sunset,Loss,6,13,10,15,3,0.7,-54,41,89,149,4
721,8,3,Ascendant 1,6/22/2024,Cypher,Ascent,Win,13,6,17,9,0,1.9,45,45,144,216,3
722,8,3,Ascendant 1,6/22/2024,Cypher,Sunset,Loss,6,13,13,17,2,0.8,3,37,148,222,2
723,8,3,Ascendant 1,6/22/2024,Cypher,Sunset,Win,13,9,12,17,3,0.7,-32,41,106,146,4
724,8,3,Ascendant 1,6/22/2024,Cypher,Lotus,Loss,1,13,7,14,4,0.5,-41,32,132,166,4
725,8,3,Ascendant 1,6/22/2024,Cypher,Icebox,Loss,11,13,15,17,4,0.9,-14,28,117,176,3
726,8,3,Ascendant 1,6/22/2024,Cypher,Sunset,Win,13,11,19,17,4,1.1,5,40,144,234,2
727,8,3,Ascendant 1,6/22/2024,Cypher,Icebox,Win,14,12,26,13,3,2,89,43,187,278,1
728,8,3,Ascendant 1,6/22/2024,Cypher,Lotus,Loss,11,13,9,19,5,0.5,-70,17,79,114,5
729,8,3,Ascendant 1,6/22/2024,Cypher,Ascent,Loss,11,13,20,19,8,1.1,26,40,174,245,2
730,8,3,Ascendant 1,6/23/2024,Cypher,Bind,Loss,11,13,13,17,3,0.8,-34,40,98,150,4
731,8,3,Ascendant 1,6/23/2024,Cypher,Haven,Win,13,9,17,16,5,1.1,29,43,157,222,2
732,8,3,Ascendant 1,6/23/2024,Cypher,Ascent,Win,13,7,19,11,3,1.7,60,39,152,266,3
733,8,3,Ascendant 1,6/23/2024,Cypher,Lotus,Win,13,9,24,13,4,1.8,80,39,190,285,1
734,8,3,Ascendant 1,6/24/2024,Cypher,Icebox,Loss,11,13,17,14,4,1.2,7,27,116,181,4
735,8,3,Ascendant 1,6/24/2024,Cypher,Icebox,Loss,9,13,25,13,2,1.9,70,25,206,318,1
736,8,3,Ascendant 1,6/24/2024,Cypher,Haven,Loss,9,13,14,13,1,1.1,-14,38,101,160,4
737,8,3,Ascendant 1,6/25/2024,Cypher,Sunset,Win,13,6,19,7,5,2.7,100,28,177,272,2
738,8,3,Ascendant 1,6/25/2024,Cypher,Bind,Win,13,8,12,12,2,1,8,52,102,154,5
739,8,3,Ascendant 1,6/25/2024,Cypher,Ascent,Win,13,11,17,14,3,1.2,21,41,140,185,3
740,8,3,Ascendant 1,6/25/2024,Cypher,Ascent,Win,13,10,17,15,7,1.1,20,29,143,223,2
741,8,3,Ascendant 1,6/25/2024,Cypher,Bind,Win,13,10,22,15,4,1.5,40,29,164,263,2
742,8,3,Ascendant 1,6/25/2024,Cypher,Ascent,Loss,8,13,15,16,3,0.9,46,33,165,235,2
743,9,1,Placement,6/26/2024,Cypher,Abyss,Win,13,5,9,8,5,1.1,22,29,99,147,5
744,9,1,Placement,6/26/2024,Cypher,Lotus,Loss,10,13,23,15,10,1.5,54,35,169,280,1
745,9,1,Placement,6/26/2024,Cypher,Haven,Win,14,12,20,21,9,1,-1,35,144,218,3
746,9,1,Placement,6/26/2024,Cypher,Abyss,Win,13,9,15,13,3,1.2,-3,32,116,190,5
747,9,1,Placement,6/26/2024,Cypher,Bind,Loss,9,13,16,18,5,0.9,-11,24,133,206,3
748,9,1,Diamond 1,6/27/2024,Cypher,Lotus,Loss,11,13,21,14,3,1.5,48,27,162,254,2
749,9,1,Diamond 1,6/27/2024,Cypher,Bind,Draw,15,15,35,21,4,1.7,49,41,190,311,1
750,9,1,Diamond 1,7/1/2024,Cypher,Icebox,Loss,5,13,11,15,1,0.7,-12,39,137,194,2
751,9,1,Diamond 1,7/5/2024,Cypher,Ascent,Loss,1,13,9,13,1,0.7,-38,40,120,170,1
752,9,1,Diamond 1,7/5/2024,Cypher,Abyss,Win,13,6,19,10,9,1.9,95,30,194,285,1
753,9,1,Diamond 1,7/6/2024,Cypher,Haven,Win,13,5,16,10,3,1.6,31,27,133,214,3
754,9,1,Diamond 1,7/7/2024,Cypher,Lotus,Win,14,12,24,18,6,1.3,47,26,164,269,1
755,9,1,Diamond 1,7/7/2024,Cypher,Sunset,Win,13,1,12,3,7,4,86,35,141,226,4
756,9,1,Diamond 2,7/8/2024,Cypher,Icebox,Loss,11,13,16,15,6,1.1,-14,28,105,165,4
757,9,1,Diamond 2,7/8/2024,Cypher,Icebox,Loss,4,13,6,13,5,0.5,-36,18,94,134,3
758,9,1,Diamond 2,7/8/2024,Cypher,Sunset,Win,13,1,14,5,3,2.8,47,39,122,203,3
759,9,1,Diamond 2,7/8/2024,Cypher,Bind,Loss,6,13,15,14,4,1.1,6,32,143,216,2
760,9,1,Diamond 2,7/20/2024,Cypher,Haven,Win,14,12,20,16,6,1.3,11,32,126,205,3
761,9,1,Diamond 2,7/20/2024,Cypher,Lotus,Win,13,11,21,14,4,1.5,48,33,150,226,3
762,9,1,Diamond 2,7/21/2024,Cypher,Abyss,Win,13,10,19,16,7,1.2,30,21,146,226,2
763,9,1,Diamond 2,7/21/2024,Cypher,Haven,Loss,10,13,15,18,2,0.8,-26,24,124,197,3
764,9,1,Diamond 2,7/21/2024,Cypher,Haven,Loss,8,13,8,18,2,0.4,-99,20,63,106,5
765,9,1,Diamond 2,7/22/2024,Cypher,Bind,Loss,11,13,19,19,7,1,7,47,160,244,2
766,9,1,Diamond 2,7/22/2024,Cypher,Abyss,Win,13,7,17,11,1,1.5,45,38,140,232,2
767,9,1,Diamond 2,7/23/2024,Cypher,Icebox,Win,13,10,15,17,7,0.9,-2,25,145,206,3
768,9,1,Diamond 2,7/23/2024,Cypher,Icebox,Win,14,12,10,19,4,0.5,-63,21,71,113,5
769,9,1,Diamond 2,7/24/2024,Cypher,Ascent,Win,13,8,16,13,5,1.2,2,27,126,196,3
770,9,1,Diamond 3,7/24/2024,Cypher,Haven,Loss,12,14,21,18,5,1.2,44,30,174,258,2
771,9,1,Diamond 3,7/24/2024,Cypher,Sunset,Loss,5,13,8,15,3,0.5,-42,25,100,133,4
772,9,1,Diamond 3,7/25/2024,Cypher,Bind,Loss,10,13,19,15,4,1.3,22,29,133,216,2
773,9,1,Diamond 2,7/25/2024,Cypher,Sunset,Loss,11,13,8,16,3,0.5,-58,21,57,92,5
774,9,1,Diamond 2,7/26/2024,Cypher,Ascent,Win,13,8,20,10,3,2,54,33,150,248,3
775,9,1,Diamond 2,7/26/2024,Cypher,Lotus,Win,13,10,22,14,5,1.6,49,35,186,262,1
776,9,1,Diamond 2,7/27/2024,Cypher,Abyss,Win,14,12,22,17,10,1.3,48,22,173,251,3
777,9,1,Diamond 3,7/28/2024,Killjoy,Icebox,Win,13,9,22,12,2,1.8,68,22,165,273,1
778,9,1,Diamond 3,7/29/2024,Cypher,Abyss,Loss,4,13,16,15,2,1.1,16,22,172,281,1
779,9,1,Diamond 3,7/29/2024,Cypher,Bind,Loss,7,13,10,15,3,0.7,-24,25,100,148,4
780,9,1,Diamond 3,7/30/2024,Cypher,Ascent,Loss,10,13,17,16,8,1.1,7,19,153,229,2
781,9,1,Diamond 3,7/30/2024,Cypher,Haven,Win,13,8,18,13,6,1.4,56,22,164,235,4
782,9,1,Diamond 3,7/30/2024,Killjoy,Icebox,Win,13,3,12,7,3,1.7,54,33,127,200,4
783,9,1,Diamond 3,7/31/2024,Cypher,Haven,Loss,11,13,25,16,2,1.6,66,35,197,286,1
784,9,1,Diamond 3,7/31/2024,Cypher,Abyss,Win,13,2,10,7,0,1.4,9,14,96,156,5
785,9,1,Diamond 3,8/2/2024,Cypher,Bind,Win,14,12,21,16,3,1.3,24,28,134,214,2
786,9,1,Diamond 3,8/2/2024,Cypher,Abyss,Loss,12,14,12,17,11,0.7,22,23,121,167,5
787,9,1,Diamond 3,8/2/2024,Fade,Bind,Win,13,10,12,14,6,0.9,-23,16,93,152,4
788,9,1,Diamond 3,8/3/2024,Cypher,Ascent,Loss,10,13,10,17,7,0.6,-37,27,102,153,5
789,9,1,Diamond 3,8/3/2024,Cypher,Sunset,Draw,15,15,19,20,7,1,-9,30,125,181,5
790,9,1,Diamond 3,8/4/2024,Cypher,Ascent,Win,13,10,15,14,9,1.1,3,17,116,181,5
791,9,1,Diamond 3,8/4/2024,Cypher,Haven,Loss,7,13,11,16,5,0.7,-37,19,110,149,3
792,9,1,Diamond 3,8/4/2024,Cypher,Haven,Loss,5,13,11,13,2,0.8,-43,21,94,168,2
793,9,1,Diamond 3,8/4/2024,Cypher,Lotus,Loss,9,13,19,17,5,1.1,21,28,173,255,1
794,9,1,Diamond 3,8/4/2024,Cypher,Ascent,Loss,12,14,20,16,4,1.3,-14,15,126,215,3
795,9,1,Diamond 3,8/5/2024,Cypher,Ascent,Win,13,9,22,12,6,1.8,83,26,198,277,2
796,9,1,Diamond 3,8/5/2024,Cypher,Lotus,Win,14,12,22,14,7,1.6,44,42,156,228,2
797,9,1,Diamond 3,8/6/2024,Cypher,Sunset,Loss,10,13,15,14,2,1.1,14,25,123,181,3
798,9,1,Diamond 3,8/6/2024,Cypher,Lotus,Win,13,7,13,13,4,1,13,32,129,184,3
799,9,1,Diamond 3,8/6/2024,Cypher,Sunset,Loss,8,13,16,17,4,0.9,-7,39,147,226,2
800,9,1,Diamond 3,8/6/2024,Cypher,Bind,Win,13,5,21,8,5,2.6,90,32,189,297,1
801,9,1,Diamond 3,8/7/2024,Cypher,Abyss,Win,13,10,15,13,7,1.2,25,24,129,183,3
802,9,1,Diamond 3,8/7/2024,Cypher,Abyss,Win,13,9,23,11,7,2.1,80,23,186,287,1
803,9,1,Diamond 3,8/7/2024,Killjoy,Icebox,Loss,3,13,10,13,1,0.8,-24,18,114,187,2
804,9,1,Diamond 3,8/7/2024,Cypher,Bind,Win,13,8,25,12,4,2.1,56,41,181,298,1
805,9,1,Diamond 3,8/7/2024,Cypher,Sunset,Loss,3,13,8,14,2,0.6,-34,32,107,149,2
806,9,1,Diamond 3,8/7/2024,Cypher,Haven,Win,13,5,9,11,10,0.8,-13,20,115,182,5
807,9,1,Diamond 3,8/7/2024,Killjoy,Icebox,Loss,7,13,13,16,3,0.8,-3,40,126,189,4
808,9,1,Diamond 3,8/7/2024,Cypher,Ascent,Win,13,11,12,16,8,0.8,-42,19,84,146,5
809,9,1,Diamond 3,8/8/2024,Killjoy,Icebox,Win,13,8,15,10,1,1.5,29,31,136,188,4
810,9,1,Ascendant 1,8/8/2024,Cypher,Abyss,Win,13,11,17,15,2,1.1,10,38,126,178,2
811,9,1,Ascendant 1,8/9/2024,Killjoy,Icebox,Loss,11,13,13,17,2,0.8,-17,22,113,181,3
812,9,1,Ascendant 1,8/9/2024,Killjoy,Lotus,Loss,7,13,5,15,2,0.3,-46,21,92,103,5
813,9,1,Ascendant 1,8/9/2024,Cypher,Ascent,Loss,12,14,18,18,8,1,-6,35,128,194,3
814,9,1,Diamond 3,8/9/2024,Cypher,Sunset,Win,13,4,16,7,4,2.3,70,40,166,237,2
815,9,1,Ascendant 1,8/10/2024,Cypher,Haven,Win,13,4,10,7,3,1.4,0,37,78,131,5
816,9,1,Ascendant 1,8/11/2024,Killjoy,Ascent,Loss,9,13,14,19,4,0.7,-41,20,123,200,3
817,9,1,Ascendant 1,8/11/2024,Cypher,Haven,Loss,0,13,3,13,5,0.2,-88,14,91,115,5
818,9,1,Ascendant 1,8/11/2024,Killjoy,Ascent,Loss,11,13,18,15,5,1.2,15,22,126,207,3
819,9,1,Diamond 3,8/11/2024,Cypher,Bind,Loss,7,13,9,17,4,0.5,-67,37,82,136,5
820,9,1,Diamond 3,8/12/2024,Killjoy,Lotus,Loss,4,13,4,16,3,0.3,-74,16,102,138,5
821,9,1,Diamond 3,8/12/2024,Cypher,Bind,Loss,7,13,11,14,3,0.8,-30,14,90,157,4
822,9,1,Diamond 3,8/13/2024,Cypher,Abyss,Loss,3,13,13,13,2,1,-4,50,139,210,2
823,9,1,Diamond 3,8/13/2024,Killjoy,Haven,Loss,5,13,11,12,0,0.9,-12,50,104,156,2
824,9,1,Diamond 3,8/13/2024,Killjoy,Icebox,Loss,6,13,15,13,1,1.2,6,20,140,200,2
825,9,1,Diamond 2,8/13/2024,Killjoy,Ascent,Win,13,10,17,14,2,1.2,46,26,153,213,2
826,9,1,Diamond 3,8/13/2024,Cypher,Sunset,Loss,11,13,16,19,3,0.8,-8,31,117,180,2
827,9,1,Diamond 3,8/14/2024,Cypher,Abyss,Win,13,11,20,16,3,1.3,41,38,156,227,3
828,9,1,Diamond 3,8/14/2024,Killjoy,Ascent,Loss,7,13,10,17,5,0.6,-34,16,135,187,4
829,9,1,Diamond 3,8/14/2024,Cypher,Bind,Loss,11,13,17,16,3,1.1,17,44,135,206,3
830,9,1,Diamond 3,8/14/2024,Cypher,Bind,Loss,11,13,22,13,2,1.7,30,42,152,234,2
831,9,1,Diamond 2,8/14/2024,Cypher,Sunset,Loss,13,15,18,20,9,0.9,0,25,136,202,4
832,9,1,Diamond 2,8/14/2024,Killjoy,Lotus,Loss,8,13,19,18,4,1.1,41,29,186,286,1
833,9,1,Diamond 2,8/14/2024,Cypher,Abyss,Loss,14,16,33,17,5,1.9,81,40,192,307,1
834,9,1,Diamond 2,8/14/2024,Cypher,Ascent,Loss,8,13,12,16,6,0.8,-29,26,118,169,4
835,9,1,Diamond 2,8/15/2024,Cypher,Abyss,Win,13,9,18,13,3,1.4,29,61,130,218,3
836,9,1,Diamond 2,8/15/2024,Killjoy,Haven,Loss,9,13,11,18,2,0.6,-33,23,96,148,5
837,9,1,Diamond 2,8/15/2024,Killjoy,Haven,Win,13,11,18,13,1,1.4,42,44,152,218,4
838,9,1,Diamond 2,8/15/2024,Killjoy,Lotus,Win,13,4,18,6,2,3,101,26,185,278,2
839,9,1,Diamond 2,8/15/2024,Killjoy,Haven,Win,14,12,23,18,3,1.3,35,33,166,245,2
840,9,1,Diamond 2,8/15/2024,Killjoy,Icebox,Win,13,9,16,14,2,1.1,-5,38,129,187,4
841,9,1,Diamond 3,8/16/2024,Killjoy,Lotus,Loss,10,13,18,18,3,1,8,26,159,230,3
842,9,1,Diamond 3,8/16/2024,Cypher,Bind,Win,13,7,12,15,7,0.8,-7,26,117,177,5
843,9,1,Diamond 3,8/16/2024,Killjoy,Ascent,Loss,5,13,21,14,2,1.5,53,32,204,338,1
844,9,1,Diamond 3,8/16/2024,Killjoy,Icebox,Win,13,6,19,7,1,2.7,66,27,160,235,3
845,9,1,Diamond 3,8/17/2024,Cypher,Sunset,Win,13,5,16,8,3,2,64,32,144,241,3
846,9,1,Diamond 3,8/17/2024,Killjoy,Lotus,Win,13,9,17,12,3,1.4,63,43,167,237,4
847,9,1,Diamond 3,8/18/2024,Killjoy,Ascent,Loss,2,13,12,14,2,0.9,16,20,159,254,1
848,9,1,Diamond 3,8/18/2024,Killjoy,Lotus,Win,13,6,14,10,0,1.4,46,29,140,176,4
849,9,1,Diamond 3,8/18/2024,Cypher,Bind,Loss,5,13,5,16,3,0.3,-69,44,75,94,5
850,9,1,Diamond 3,8/19/2024,Cypher,Sunset,Loss,10,13,21,15,4,1.4,29,47,157,232,1
851,9,1,Diamond 3,8/19/2024,Killjoy,Haven,Win,13,10,18,16,3,1.1,35,38,159,233,2
852,9,1,Diamond 3,8/19/2024,Cypher,Abyss,Win,13,6,19,11,2,1.7,57,41,176,262,3
853,9,1,Diamond 3,8/20/2024,Cypher,Abyss,Win,13,11,14,18,4,0.8,-18,33,112,169,4
854,9,2,Placement,8/31/2024,Cypher,Bind,Loss,11,13,23,16,3,1.4,59,28,186,289,1
855,9,2,Diamond 3,8/31/2024,Killjoy,Lotus,Win,13,9,23,10,3,2.3,85,20,184,280,1
856,9,2,Diamond 3,9/1/2024,Cypher,Bind,Win,13,7,15,11,1,1.4,21,29,132,199,3
857,9,2,Diamond 3,9/1/2024,Killjoy,Ascent,Loss,11,13,13,17,3,0.8,-19,18,107,157,4
858,9,2,Diamond 3,9/1/2024,Killjoy,Haven,Win,13,3,13,9,4,1.4,51,34,145,226,4
859,9,2,Diamond 3,9/1/2024,Cypher,Sunset,Win,13,5,14,9,6,1.6,30,19,130,215,3
860,9,2,Ascendant 1,9/2/2024,Killjoy,Ascent,Loss,9,13,14,17,5,0.8,-24,18,138,181,3
861,9,2,Ascendant 1,9/2/2024,Killjoy,Haven,Win,13,8,27,11,3,2.5,100,31,204,314,1
862,9,2,Ascendant 1,9/3/2024,Cypher,Abyss,Win,13,3,15,7,5,2.1,75,31,157,249,3
863,9,2,Ascendant 1,9/3/2024,Killjoy,Ascent,Win,13,1,3,7,2,0.4,-25,29,62,70,5
864,9,2,Ascendant 1,9/3/2024,Cypher,Sunset,Loss,10,13,20,16,14,1.3,53,26,178,254,2
865,9,2,Ascendant 1,9/3/2024,Cypher,Abyss,Win,13,4,11,8,3,1.4,14,32,115,171,5
866,9,2,Ascendant 1,9/6/2024,Killjoy,Lotus,Loss,7,13,10,15,6,0.7,2,22,124,183,4
867,9,2,Ascendant 1,9/6/2024,Killjoy,Icebox,Draw,15,15,21,22,6,1,7,26,141,205,3
868,9,2,Ascendant 1,9/7/2024,Killjoy,Haven,Win,13,5,12,7,4,1.7,55,21,136,170,5
869,9,2,Ascendant 1,9/8/2024,Cypher,Sunset,Win,13,10,12,17,6,0.7,-27,31,100,152,5
870,9,2,Ascendant 1,9/8/2024,Killjoy,Lotus,Loss,7,13,14,15,2,0.9,11,20,134,195,2
871,9,2,Ascendant 1,9/9/2024,Killjoy,Ascent,Win,13,5,9,8,5,1.1,18,19,108,158,5
872,9,2,Ascendant 1,9/10/2024,Cypher,Abyss,Loss,10,13,13,15,2,0.9,-25,39,90,151,3
873,9,2,Ascendant 1,9/12/2024,Cypher,Bind,Win,13,9,10,12,7,0.8,1,29,98,148,4
874,9,2,Ascendant 1,9/12/2024,Killjoy,Ascent,Win,13,11,19,18,3,1.1,-5,28,132,207,3
875,9,2,Ascendant 1,9/12/2024,Killjoy,Haven,Loss,6,13,11,14,2,0.8,-23,35,100,165,5
876,9,2,Ascendant 1,9/12/2024,Vyse,Sunset,Loss,8,13,12,16,5,0.8,-38,31,118,173,4
877,9,2,Ascendant 1,9/12/2024,Vyse,Haven,Win,13,11,20,14,10,1.4,49,30,159,245,2
878,9,2,Ascendant 1,9/13/2024,Killjoy,Icebox,Loss,5,13,18,14,1,1.3,55,45,189,307,1
879,9,2,Ascendant 1,9/13/2024,Killjoy,Lotus,Win,13,1,12,5,2,2.4,63,29,144,227,4
880,9,2,Ascendant 1,9/13/2024,Killjoy,Ascent,Loss,13,15,10,23,5,0.4,-74,8,69,98,5
881,9,2,Ascendant 1,9/13/2024,Killjoy,Ascent,Win,13,6,13,10,5,1.3,30,22,128,193,4
882,9,2,Ascendant 1,9/13/2024,Cypher,Bind,Loss,12,14,13,19,7,0.7,-32,22,107,150,5
883,9,2,Ascendant 1,9/14/2024,Killjoy,Haven,Loss,10,13,11,14,5,0.8,-10,27,97,136,4
884,9,2,Ascendant 1,9/14/2024,Killjoy,Icebox,Loss,11,13,13,16,1,0.8,-32,23,94,153,5
885,9,2,Ascendant 1,9/14/2024,Cypher,Bind,Loss,10,13,13,16,7,0.8,-6,20,136,178,4
886,9,2,Ascendant 1,9/14/2024,Killjoy,Haven,Loss,7,13,17,15,1,1.1,-1,27,147,229,2
887,9,2,Ascendant 1,9/14/2024,Killjoy,Lotus,Win,13,11,28,15,2,1.9,97,26,221,320,1
888,9,2,Ascendant 1,9/14/2024,Cypher,Abyss,Loss,9,13,11,17,6,0.6,-48,25,106,146,5
889,9,2,Ascendant 1,9/15/2024,Cypher,Sunset,Loss,2,13,8,13,3,0.6,-38,16,104,153,3
890,9,2,Ascendant 1,9/15/2024,Killjoy,Ascent,Win,14,12,20,15,4,1.3,40,22,151,221,2
891,9,2,Ascendant 1,9/15/2024,Killjoy,Icebox,Win,13,10,15,13,3,1.2,8,45,108,161,4
892,9,2,Ascendant 1,9/15/2024,Cypher,Bind,Win,13,8,16,12,3,1.3,41,25,144,211,3
893,9,2,Ascendant 1,9/16/2024,Cypher,Abyss,Win,3,2,1,4,0,0.3,-67,25,66,69,5
894,9,2,Ascendant 1,9/16/2024,Killjoy,Ascent,Loss,8,13,11,18,6,0.6,-33,24,122,157,5
895,9,2,Ascendant 1,9/16/2024,Viper,Icebox,Loss,8,13,16,18,5,0.9,10,41,152,245,1
896,9,2,Ascendant 1,9/17/2024,Cypher,Sunset,Win,15,13,23,19,8,1.2,30,26,152,235,3
897,9,2,Ascendant 1,9/17/2024,Cypher,Sunset,Loss,9,13,15,14,2,1.1,0,34,126,196,3
898,9,2,Ascendant 1,9/17/2024,Killjoy,Lotus,Win,13,9,16,11,2,1.5,29,27,126,196,4
899,9,2,Ascendant 1,9/18/2024,Killjoy,Lotus,Win,13,8,15,14,1,1.1,9,25,126,181,4
900,9,2,Ascendant 1,9/19/2024,Killjoy,Ascent,Win,13,9,10,16,6,0.6,-25,15,98,147,5
901,9,2,Ascendant 1,9/20/2024,Killjoy,Haven,Loss,7,13,16,15,0,1.1,39,30,161,232,1
902,9,2,Ascendant 1,9/20/2024,Cypher,Abyss,Win,13,4,15,7,5,2.1,64,29,145,237,4
903,9,2,Ascendant 1,9/20/2024,Killjoy,Ascent,Loss,8,13,16,14,4,1.1,26,24,141,212,3
904,9,2,Ascendant 1,9/20/2024,Cypher,Abyss,Win,13,2,12,7,5,1.7,24,13,129,210,4
905,9,2,Ascendant 1,9/21/2024,Killjoy,Haven,Loss,10,13,19,17,6,1.1,26,26,167,247,2
906,9,2,Ascendant 1,9/21/2024,Cypher,Sunset,Win,13,8,12,13,8,0.9,-15,16,118,169,5
907,9,2,Ascendant 1,9/21/2024,Killjoy,Lotus,Loss,8,13,10,16,3,0.6,-21,15,120,167,4
908,9,2,Ascendant 1,9/21/2024,Cypher,Bind,Draw,14,14,18,17,8,1.1,10,20,114,175,4
909,9,2,Ascendant 1,9/21/2024,Killjoy,Haven,Win,13,9,16,11,4,1.5,59,21,151,220,4
910,9,2,Ascendant 1,9/22/2024,Killjoy,Icebox,Loss,4,13,9,13,3,0.7,-40,15,99,147,5
911,9,2,Ascendant 1,9/22/2024,Killjoy,Haven,Win,13,11,16,13,4,1.2,32,29,143,194,3
912,9,2,Ascendant 1,9/22/2024,Killjoy,Lotus,Loss,10,13,14,13,5,1.1,15,23,120,182,4
913,9,2,Ascendant 1,9/22/2024,Cypher,Bind,Win,13,6,11,10,7,1.1,-13,24,98,157,4
914,9,2,Ascendant 1,9/22/2024,Cypher,Bind,Win,13,5,17,10,3,1.7,32,34,143,223,2
915,9,2,Ascendant 2,9/22/2024,Cypher,Abyss,Win,13,7,7,10,6,0.7,-34,21,67,99,5
916,9,2,Ascendant 2,9/22/2024,Cypher,Sunset,Loss,12,14,13,17,7,0.8,-33,28,90,154,4
917,9,2,Ascendant 2,9/22/2024,Killjoy,Icebox,Loss,10,13,20,15,2,1.3,41,21,156,250,1
918,9,2,Ascendant 2,9/23/2024,Killjoy,Haven,Loss,1,9,5,9,1,0.6,-53,29,120,178,1
919,9,2,Ascendant 1,9/23/2024,Killjoy,Lotus,Win,15,13,18,14,4,1.3,23,29,126,189,3
920,9,2,Ascendant 2,9/24/2024,Killjoy,Ascent,Loss,9,13,7,15,2,0.5,-50,6,61,99,5
921,9,2,Ascendant 2,9/24/2024,Killjoy,Lotus,Loss,6,13,14,15,2,0.9,1,24,136,211,2
922,9,2,Ascendant 1,9/24/2024,Cypher,Sunset,Loss,9,13,15,13,3,1.2,21,27,134,184,5
923,9,2,Ascendant 1,9/25/2024,Cypher,Abyss,Win,9,3,3,5,2,0.6,-28,12,56,76,5
924,9,2,Ascendant 1,9/25/2024,Cypher,Bind,Win,13,8,20,10,4,2,83,37,173,264,1
925,9,2,Ascendant 2,9/26/2024,Killjoy,Haven,Loss,10,13,14,16,3,0.9,-17,29,116,177,3
926,9,2,Ascendant 2,9/26/2024,Killjoy,Icebox,Loss,12,14,16,20,3,0.8,-24,33,119,177,4
927,9,2,Ascendant 1,9/27/2024,Killjoy,Icebox,Loss,8,13,10,16,2,0.6,-40,20,97,145,4
928,9,2,Ascendant 1,9/27/2024,Cypher,Bind,Loss,2,13,9,13,1,0.7,-33,33,104,154,2
929,9,2,Ascendant 1,9/27/2024,Killjoy,Lotus,Win,13,7,13,9,0,1.4,28,32,125,166,3
930,9,2,Ascendant 1,9/27/2024,Killjoy,Haven,Win,13,4,10,11,4,0.9,9,27,133,178,4
931,9,2,Ascendant 1,10/3/2024,Cypher,Sunset,Win,13,6,18,11,7,1.6,65,22,184,282,3
932,9,2,Ascendant 2,10/3/2024,Cypher,Ascent,Win,14,12,26,14,7,1.9,51,31,163,256,2
933,9,2,Ascendant 2,10/4/2024,Killjoy,Lotus,Win,13,6,12,14,4,0.9,22,29,139,179,5
934,9,2,Ascendant 2,10/5/2024,Cypher,Sunset,Loss,11,13,19,16,4,1.2,22,41,154,232,1
935,9,2,Ascendant 2,10/5/2024,Killjoy,Icebox,Loss,9,13,19,17,2,1.1,7,27,160,240,3
936,9,2,Ascendant 2,10/5/2024,Killjoy,Haven,Loss,9,13,18,16,8,1.1,36,25,177,265,2
937,9,2,Ascendant 2,10/5/2024,Cypher,Bind,Loss,9,13,13,16,5,0.8,-6,23,117,176,5
938,9,2,Ascendant 1,10/6/2024,Killjoy,Icebox,Loss,10,13,17,17,3,1,2,21,131,190,3
939,9,2,Ascendant 1,10/6/2024,Killjoy,Lotus,Loss,9,13,25,16,2,1.6,80,25,208,324,1
940,9,2,Ascendant 1,10/6/2024,Cypher,Ascent,Win,13,5,12,7,1,1.7,21,28,107,159,5
941,9,2,Ascendant 1,10/6/2024,Killjoy,Haven,Win,13,8,18,15,7,1.2,53,13,169,253,2
942,9,2,Ascendant 1,10/8/2024,Cypher,Abyss,Win,16,14,31,20,6,1.6,44,22,174,272,2
943,9,2,Ascendant 2,10/9/2024,Cypher,Bind,Loss,9,13,14,18,3,0.8,-35,38,113,180,3
944,9,2,Ascendant 2,10/9/2024,Cypher,Sunset,Loss,18,20,33,26,18,1.3,43,26,180,266,2
945,9,2,Ascendant 1,10/10/2024,Cypher,Sunset,Win,13,11,19,12,5,1.6,42,50,152,214,3
946,9,2,Ascendant 2,10/11/2024,Cypher,Bind,Win,13,10,20,14,5,1.4,45,25,153,240,2
947,9,2,Ascendant 2,10/13/2024,Killjoy,Ascent,Win,13,9,18,12,6,1.5,59,19,171,263,2
948,9,2,Ascendant 2,10/14/2024,Killjoy,Icebox,Loss,7,13,14,14,0,1,4,29,128,183,2
949,9,2,Ascendant 2,10/14/2024,Killjoy,Lotus,Win,13,6,13,10,8,1.3,24,22,136,195,4
950,9,2,Ascendant 2,10/14/2024,Killjoy,Icebox,Loss,8,13,13,14,1,0.9,17,20,139,189,4
951,9,2,Ascendant 2,10/14/2024,Cypher,Sunset,Loss,8,13,11,17,2,0.6,-35,42,112,162,4
952,9,2,Ascendant 2,10/14/2024,Viper,Icebox,Loss,10,13,14,18,5,0.8,-23,17,111,175,3
953,9,2,Ascendant 2,10/18/2024,Killjoy,Lotus,Win,13,7,17,14,1,1.2,9,30,141,223,3
954,9,2,Ascendant 2,10/18/2024,Cypher,Bind,Loss,4,13,12,15,3,0.8,-35,38,111,182,3
955,9,2,Ascendant 2,10/18/2024,Cypher,Abyss,Loss,11,13,17,15,3,1.1,11,17,124,215,3
956,9,2,Ascendant 1,10/21/2024,Cypher,Sunset,Loss,9,13,16,15,9,1.1,27,27,155,225,2
957,9,2,Ascendant 1,10/21/2024,Killjoy,Haven,Loss,7,13,7,16,3,0.4,-61,16,83,119,4
958,9,2,Ascendant 1,10/21/2024,Killjoy,Lotus,Win,13,8,11,15,5,0.7,-29,29,102,149,4
959,9,3,Placement,10/23/2024,Cypher,Pearl,Loss,11,13,25,16,3,1.6,74,60,190,267,1
960,9,3,Ascendant 1,10/23/2024,Cypher,Pearl,Loss,9,13,15,15,1,1,14,35,125,177,1
961,9,3,Ascendant 1,10/24/2024,Cypher,Haven,Win,13,10,15,14,6,1.1,2,40,116,175,4
962,9,3,Ascendant 1,10/24/2024,Killjoy,Split,Loss,7,13,19,15,6,1.3,51,25,199,279,1
963,9,3,Ascendant 1,10/24/2024,Vyse,Sunset,Loss,4,13,9,15,0,0.6,-54,32,94,155,4
964,9,3,Ascendant 1,10/24/2024,Cypher,Bind,Win,13,8,18,15,5,1.2,25,35,162,234,2
965,9,3,Ascendant 1,10/24/2024,Cypher,Ascent,Loss,10,13,15,16,2,0.9,-27,37,120,183,3
966,9,3,Ascendant 1,10/24/2024,Cypher,Bind,Loss,8,13,15,15,6,1,28,34,143,220,2
967,9,3,Ascendant 1,10/24/2024,Cypher,Pearl,Loss,9,13,15,14,1,1.1,0,21,128,180,4
968,9,3,Diamond 3,10/24/2024,Cypher,Abyss,Loss,12,14,17,18,5,0.9,-25,29,105,171,3
969,9,3,Diamond 3,10/25/2024,Killjoy,Haven,Win,13,5,12,17,3,0.7,41,18,117,191,5
970,9,3,Diamond 3,10/25/2024,Cypher,Haven,Loss,9,13,15,17,5,0.9,-17,48,118,182,2
971,9,3,Diamond 3,10/25/2024,Killjoy,Split,Win,13,6,14,8,4,1.8,44,14,135,206,4
972,9,3,Diamond 3,10/26/2024,Cypher,Ascent,Win,13,4,16,8,3,2,48,22,128,227,3
973,9,3,Ascendant 1,10/26/2024,Cypher,Ascent,Loss,7,13,9,15,5,0.6,-63,38,79,125,5
974,9,3,Ascendant 1,10/30/2024,Cypher,Bind,Loss,6,13,8,15,5,0.5,-42,32,95,134,5
975,9,3,Diamond 3,10/30/2024,Cypher,Haven,Loss,3,13,12,13,4,0.9,-4,17,145,240,2
976,9,3,Diamond 3,10/30/2024,Cypher,Bind,Loss,10,13,12,15,6,0.8,-33,28,90,145,3
977,9,3,Diamond 3,10/30/2024,Cypher,Sunset,Loss,7,13,11,15,6,0.7,-33,29,111,166,4
978,9,3,Diamond 3,10/30/2024,Killjoy,Haven,Win,13,11,11,17,4,0.6,-42,26,97,140,5
979,9,3,Diamond 3,10/30/2024,Cypher,Split,Win,13,7,15,11,5,1.4,17,29,123,195,3
980,9,3,Diamond 3,10/30/2024,Cypher,Abyss,Loss,8,13,9,18,4,0.5,-41,26,107,141,5
981,9,3,Diamond 3,10/31/2024,Cypher,Pearl,Win,13,11,14,16,4,0.9,1,25,131,179,4
982,9,3,Diamond 3,10/31/2024,Cypher,Ascent,Loss,10,13,18,17,6,1.1,-18,29,135,207,3
983,9,3,Diamond 3,10/31/2024,Cypher,Abyss,Win,13,8,15,15,5,1,35,36,159,199,3
984,9,3,Diamond 3,10/31/2024,Cypher,Sunset,Loss,8,13,19,17,7,1.1,24,43,165,247,2
985,9,3,Diamond 3,10/31/2024,Cypher,Ascent,Loss,3,13,4,14,1,0.3,-87,18,60,89,5
986,9,3,Diamond 3,11/1/2024,Killjoy,Split,Loss,9,13,15,15,1,1,-16,18,108,185,2
987,9,3,Diamond 3,11/1/2024,Cypher,Haven,Loss,3,13,12,14,3,0.9,-3,32,131,210,2
988,9,3,Diamond 3,11/6/2024,Omen,Ascent,Loss,8,13,12,16,12,0.8,-34,29,98,158,4
989,9,3,Diamond 2,11/6/2024,Omen,Bind,Loss,11,13,14,18,14,0.8,-18,37,124,194,4
990,9,3,Diamond 2,11/7/2024,Omen,Ascent,Win,13,9,8,13,20,0.6,-38,30,90,139,5
991,9,3,Diamond 2,11/7/2024,Cypher,Abyss,Loss,7,13,21,15,2,1.4,5,33,160,279,1
992,9,3,Diamond 2,11/7/2024,Omen,Bind,Loss,7,13,12,16,7,0.8,-26,57,108,174,3
993,9,3,Diamond 2,11/9/2024,Cypher,Ascent,Loss,4,13,7,14,0,0.5,-59,29,73,109,4
994,9,3,Diamond 2,11/10/2024,Omen,Ascent,Loss,8,13,14,14,11,1,-19,30,127,191,3
995,9,3,Diamond 2,11/10/2024,Omen,Split,Loss,5,13,11,15,4,0.7,-38,15,113,187,3
996,9,3,Diamond 2,11/11/2024,Astra,Pearl,Win,13,9,17,13,8,1.3,30,19,133,212,4
997,9,3,Diamond 2,11/11/2024,Omen,Ascent,Loss,11,13,27,14,11,1.9,41,28,176,299,1
998,9,3,Diamond 2,11/11/2024,Astra,Pearl,Loss,6,13,12,16,5,0.8,0,47,143,194,2
999,9,3,Diamond 2,11/12/2024,Omen,Split,Win,13,10,18,13,8,1.4,26,31,134,214,5
1000,9,3,Diamond 2,11/12/2024,Viper,Bind,Loss,7,13,8,17,4,0.5,-71,18,87,130,4
